════════════════════════════════════════════════════════════════════════════════════════════════════════════════════════════════════════════════════════════════
                      DIADA IZQUIERDA                                              DIADA DERECHA                            MANIVELA IZQ        MANIVELA DER    
────────────────────────────────────────────────────────────────────────────────────────────────────────────────────────────────────────────────────────────────
   β_2 (°)   β_3 (°)    w (mm)   θ_w (°)    z (mm)   θ_z (°)   β_2 (°)   β_3 (°)    w (mm)   θ_w (°)    z (mm)   θ_z (°)   μ_1 (°)   μ_3 (°)   μ_1 (°)   μ_3 (°)
════════════════════════════════════════════════════════════════════════════════════════════════════════════════════════════════════════════════════════════════
   -11.000   -87.400     4.441   172.521     0.843    79.369   -11.000   -86.600     4.474   172.914     0.710    94.626    36.689    36.711    37.082    35.518
   -11.000   -86.600     4.474   172.914     0.710    94.626   -11.000   -87.400     4.441   172.521     0.843    79.369    37.082    35.518    36.689    36.711
   -10.800   -86.600     4.543   171.781     1.126    84.060   -10.800   -86.200     4.560   171.981     1.060    89.644    36.649    37.151    36.848    36.552
   -10.800   -86.200     4.560   171.981     1.060    89.644   -10.800   -86.600     4.543   171.781     1.126    84.060    36.848    36.552    36.649    37.151
   -11.000   -87.400     4.441   172.521     0.843    79.369   -11.000   -86.800     4.465   172.815     0.738    90.317    36.589    36.611    36.883    35.717
   -11.000   -86.800     4.465   172.815     0.738    90.317   -11.000   -87.400     4.441   172.521     0.843    79.369    36.883    35.717    36.589    36.611
   -11.000   -87.200     4.449   172.618     0.805    82.704   -11.000   -86.600     4.474   172.914     0.710    94.626    36.886    36.514    37.182    35.618
   -11.000   -86.600     4.474   172.914     0.710    94.626   -11.000   -87.200     4.449   172.618     0.805    82.704    37.182    35.618    36.886    36.514
   -11.000   -87.600     4.433   172.425     0.882    76.319   -11.000   -86.600     4.474   172.914     0.710    94.626    36.492    36.908    36.982    35.418
   -11.000   -86.600     4.474   172.914     0.710    94.626   -11.000   -87.600     4.433   172.425     0.882    76.319    36.982    35.418    36.492    36.908
   -11.000   -87.400     4.441   172.521     0.843    79.369   -11.000   -87.000     4.457   172.716     0.770    86.347    36.489    36.511    36.684    35.916
   -11.000   -87.000     4.457   172.716     0.770    86.347   -11.000   -87.400     4.441   172.521     0.843    79.369    36.684    35.916    36.489    36.511
   -11.000   -86.800     4.465   172.815     0.738    90.317   -11.000   -87.200     4.449   172.618     0.805    82.704    36.983    35.817    36.786    36.414
   -11.000   -87.200     4.449   172.618     0.805    82.704   -11.000   -86.800     4.465   172.815     0.738    90.317    36.786    36.414    36.983    35.817
   -11.000   -87.600     4.433   172.425     0.882    76.319   -11.000   -86.800     4.465   172.815     0.738    90.317    36.392    36.808    36.783    35.617
   -11.000   -86.800     4.465   172.815     0.738    90.317   -11.000   -87.600     4.433   172.425     0.882    76.319    36.783    35.617    36.392    36.808
   -11.000   -87.200     4.449   172.618     0.805    82.704   -11.000   -87.400     4.441   172.521     0.843    79.369    36.486    36.114    36.389    36.411
   -11.000   -87.400     4.441   172.521     0.843    79.369   -11.000   -87.200     4.449   172.618     0.805    82.704    36.389    36.411    36.486    36.114
   -10.800   -86.200     4.560   171.981     1.060    89.644   -10.800   -87.000     4.527   171.584     1.200    79.118    36.648    36.352    36.252    37.548
   -10.800   -87.000     4.527   171.584     1.200    79.118   -10.800   -86.200     4.560   171.981     1.060    89.644    36.252    37.548    36.648    36.352
   -11.000   -87.000     4.457   172.716     0.770    86.347   -11.000   -86.600     4.474   172.914     0.710    94.626    37.084    36.316    37.282    35.718
   -11.000   -86.600     4.474   172.914     0.710    94.626   -11.000   -87.000     4.457   172.716     0.770    86.347    37.282    35.718    37.084    36.316
   -11.000   -87.000     4.457   172.716     0.770    86.347   -11.000   -87.200     4.449   172.618     0.805    82.704    36.784    36.016    36.686    36.314
   -11.000   -87.200     4.449   172.618     0.805    82.704   -11.000   -87.000     4.457   172.716     0.770    86.347    36.686    36.314    36.784    36.016
   -11.000   -86.600     4.474   172.914     0.710    94.626   -11.000   -87.800     4.425   172.329     0.924    73.530    36.882    35.318    36.296    37.104
   -11.000   -87.800     4.425   172.329     0.924    73.530   -11.000   -86.600     4.474   172.914     0.710    94.626    36.296    37.104    36.882    35.318
   -11.000   -87.600     4.433   172.425     0.882    76.319   -11.000   -87.000     4.457   172.716     0.770    86.347    36.292    36.708    36.584    35.816
   -11.000   -87.000     4.457   172.716     0.770    86.347   -11.000   -87.600     4.433   172.425     0.882    76.319    36.584    35.816    36.292    36.708
   -10.800   -87.000     4.527   171.584     1.200    79.118   -10.800   -86.600     4.543   171.781     1.126    84.060    36.052    37.348    36.249    36.751
   -10.800   -86.600     4.543   171.781     1.126    84.060   -10.800   -87.000     4.527   171.584     1.200    79.118    36.249    36.751    36.052    37.348
   -11.000   -86.800     4.465   172.815     0.738    90.317   -11.000   -87.000     4.457   172.716     0.770    86.347    37.083    35.917    36.984    36.216
   -11.000   -87.000     4.457   172.716     0.770    86.347   -11.000   -86.800     4.465   172.815     0.738    90.317    36.984    36.216    37.083    35.917
   -11.000   -87.800     4.425   172.329     0.924    73.530   -11.000   -86.800     4.465   172.815     0.738    90.317    36.196    37.004    36.683    35.517
   -11.000   -86.800     4.465   172.815     0.738    90.317   -11.000   -87.800     4.425   172.329     0.924    73.530    36.683    35.517    36.196    37.004
   -11.000   -87.600     4.433   172.425     0.882    76.319   -11.000   -87.200     4.449   172.618     0.805    82.704    36.192    36.608    36.386    36.014
   -11.000   -87.200     4.449   172.618     0.805    82.704   -11.000   -87.600     4.433   172.425     0.882    76.319    36.386    36.014    36.192    36.608
   -11.000   -87.600     4.433   172.425     0.882    76.319   -11.000   -87.400     4.441   172.521     0.843    79.369    36.092    36.508    36.189    36.211
   -11.000   -87.400     4.441   172.521     0.843    79.369   -11.000   -87.600     4.433   172.425     0.882    76.319    36.189    36.211    36.092    36.508
   -10.800   -86.200     4.560   171.981     1.060    89.644   -10.800   -87.400     4.509   171.390     1.279    74.754    36.448    36.152    35.857    37.943
   -10.800   -87.400     4.509   171.390     1.279    74.754   -10.800   -86.200     4.560   171.981     1.060    89.644    35.857    37.943    36.448    36.152
   -11.000   -86.600     4.474   172.914     0.710    94.626   -11.000   -86.800     4.465   172.815     0.738    90.317    37.382    35.818    37.283    36.117
   -11.000   -86.800     4.465   172.815     0.738    90.317   -11.000   -86.600     4.474   172.914     0.710    94.626    37.283    36.117    37.382    35.818
   -11.000   -88.000     4.417   172.234     0.967    70.978   -11.000   -86.600     4.474   172.914     0.710    94.626    36.101    37.299    36.782    35.218
   -11.000   -86.600     4.474   172.914     0.710    94.626   -11.000   -88.000     4.417   172.234     0.967    70.978    36.782    35.218    36.101    37.299
   -11.000   -87.000     4.457   172.716     0.770    86.347   -11.000   -87.800     4.425   172.329     0.924    73.530    36.484    35.716    36.096    36.904
   -11.000   -87.800     4.425   172.329     0.924    73.530   -11.000   -87.000     4.457   172.716     0.770    86.347    36.096    36.904    36.484    35.716
   -11.000   -87.800     4.425   172.329     0.924    73.530   -11.000   -87.400     4.441   172.521     0.843    79.369    35.896    36.704    36.089    36.111
   -11.000   -87.400     4.441   172.521     0.843    79.369   -11.000   -87.800     4.425   172.329     0.924    73.530    36.089    36.111    35.896    36.704
   -10.800   -87.400     4.509   171.390     1.279    74.754   -10.800   -86.600     4.543   171.781     1.126    84.060    35.657    37.743    36.049    36.551
   -10.800   -86.600     4.543   171.781     1.126    84.060   -10.800   -87.400     4.509   171.390     1.279    74.754    36.049    36.551    35.657    37.743
   -11.000   -88.000     4.417   172.234     0.967    70.978   -11.000   -86.800     4.465   172.815     0.738    90.317    36.001    37.199    36.583    35.417
   -11.000   -86.800     4.465   172.815     0.738    90.317   -11.000   -88.000     4.417   172.234     0.967    70.978    36.583    35.417    36.001    37.199
   -11.000   -87.800     4.425   172.329     0.924    73.530   -11.000   -87.200     4.449   172.618     0.805    82.704    35.996    36.804    36.286    35.914
   -11.000   -87.200     4.449   172.618     0.805    82.704   -11.000   -87.800     4.425   172.329     0.924    73.530    36.286    35.914    35.996    36.804
   -11.000   -88.000     4.417   172.234     0.967    70.978   -11.000   -87.400     4.441   172.521     0.843    79.369    35.701    36.899    35.989    36.011
   -11.000   -87.400     4.441   172.521     0.843    79.369   -11.000   -88.000     4.417   172.234     0.967    70.978    35.989    36.011    35.701    36.899
   -10.800   -86.200     4.560   171.981     1.060    89.644   -10.800   -87.800     4.492   171.199     1.364    70.897    36.248    35.952    35.466    38.334
   -10.800   -87.800     4.492   171.199     1.364    70.897   -10.800   -86.200     4.560   171.981     1.060    89.644    35.466    38.334    36.248    35.952
   -11.000   -86.600     4.474   172.914     0.710    94.626   -11.000   -88.200     4.409   172.139     1.011    68.637    36.682    35.118    35.907    37.493
   -11.000   -88.200     4.409   172.139     1.011    68.637   -11.000   -86.600     4.474   172.914     0.710    94.626    35.907    37.493    36.682    35.118
   -11.000   -87.000     4.457   172.716     0.770    86.347   -11.000   -88.000     4.417   172.234     0.967    70.978    36.384    35.616    35.901    37.099
   -11.000   -88.000     4.417   172.234     0.967    70.978   -11.000   -87.000     4.457   172.716     0.770    86.347    35.901    37.099    36.384    35.616
   -11.000   -87.800     4.425   172.329     0.924    73.530   -11.000   -87.600     4.433   172.425     0.882    76.319    35.796    36.604    35.892    36.308
   -11.000   -87.600     4.433   172.425     0.882    76.319   -11.000   -87.800     4.425   172.329     0.924    73.530    35.892    36.308    35.796    36.604
   -11.000   -87.400     4.441   172.521     0.843    79.369   -11.000   -88.200     4.409   172.139     1.011    68.637    35.889    35.911    35.507    37.093
   -11.000   -88.200     4.409   172.139     1.011    68.637   -11.000   -87.400     4.441   172.521     0.843    79.369    35.507    37.093    35.889    35.911
   -10.800   -87.800     4.492   171.199     1.364    70.897   -10.800   -86.600     4.543   171.781     1.126    84.060    35.266    38.134    35.849    36.351
   -10.800   -86.600     4.543   171.781     1.126    84.060   -10.800   -87.800     4.492   171.199     1.364    70.897    35.849    36.351    35.266    38.134
   -11.000   -87.200     4.449   172.618     0.805    82.704   -11.000   -88.000     4.417   172.234     0.967    70.978    36.186    35.814    35.801    36.999
   -11.000   -88.000     4.417   172.234     0.967    70.978   -11.000   -87.200     4.449   172.618     0.805    82.704    35.801    36.999    36.186    35.814
   -11.000   -88.200     4.409   172.139     1.011    68.637   -11.000   -86.800     4.465   172.815     0.738    90.317    35.807    37.393    36.483    35.317
   -11.000   -86.800     4.465   172.815     0.738    90.317   -11.000   -88.200     4.409   172.139     1.011    68.637    36.483    35.317    35.807    37.393
   -11.000   -88.000     4.417   172.234     0.967    70.978   -11.000   -87.600     4.433   172.425     0.882    76.319    35.601    36.799    35.792    36.208
   -11.000   -87.600     4.433   172.425     0.882    76.319   -11.000   -88.000     4.417   172.234     0.967    70.978    35.792    36.208    35.601    36.799
   -11.000   -88.400     4.400   172.046     1.056    66.487   -11.000   -87.400     4.441   172.521     0.843    79.369    35.313    37.287    35.789    35.811
   -11.000   -87.400     4.441   172.521     0.843    79.369   -11.000   -88.400     4.400   172.046     1.056    66.487    35.789    35.811    35.313    37.287
   -10.800   -86.200     4.560   171.981     1.060    89.644   -10.800   -88.200     4.475   171.011     1.451    67.477    36.048    35.752    35.078    38.722
   -10.800   -88.200     4.475   171.011     1.451    67.477   -10.800   -86.200     4.560   171.981     1.060    89.644    35.078    38.722    36.048    35.752
   -11.000   -87.200     4.449   172.618     0.805    82.704   -11.000   -88.200     4.409   172.139     1.011    68.637    36.086    35.714    35.607    37.193
   -11.000   -88.200     4.409   172.139     1.011    68.637   -11.000   -87.200     4.449   172.618     0.805    82.704    35.607    37.193    36.086    35.714
   -11.000   -88.400     4.400   172.046     1.056    66.487   -11.000   -86.600     4.474   172.914     0.710    94.626    35.713    37.687    36.582    35.018
   -11.000   -86.600     4.474   172.914     0.710    94.626   -11.000   -88.400     4.400   172.046     1.056    66.487    36.582    35.018    35.713    37.687
   -11.000   -88.200     4.409   172.139     1.011    68.637   -11.000   -87.000     4.457   172.716     0.770    86.347    35.707    37.293    36.284    35.516
   -11.000   -87.000     4.457   172.716     0.770    86.347   -11.000   -88.200     4.409   172.139     1.011    68.637    36.284    35.516    35.707    37.293
   -11.000   -88.200     4.409   172.139     1.011    68.637   -11.000   -87.600     4.433   172.425     0.882    76.319    35.407    36.993    35.692    36.108
   -11.000   -87.600     4.433   172.425     0.882    76.319   -11.000   -88.200     4.409   172.139     1.011    68.637    35.692    36.108    35.407    36.993
   -11.000   -88.600     4.392   171.953     1.103    64.506   -11.000   -87.400     4.441   172.521     0.843    79.369    35.120    37.480    35.689    35.711
   -11.000   -87.400     4.441   172.521     0.843    79.369   -11.000   -88.600     4.392   171.953     1.103    64.506    35.689    35.711    35.120    37.480
   -10.800   -87.000     4.527   171.584     1.200    79.118   -10.800   -87.400     4.509   171.390     1.279    74.754    35.652    36.948    35.457    37.543
   -10.800   -87.400     4.509   171.390     1.279    74.754   -10.800   -87.000     4.527   171.584     1.200    79.118    35.457    37.543    35.652    36.948
   -10.800   -86.600     4.543   171.781     1.126    84.060   -10.800   -88.200     4.475   171.011     1.451    67.477    35.649    36.151    34.878    38.522
   -10.800   -88.200     4.475   171.011     1.451    67.477   -10.800   -86.600     4.543   171.781     1.126    84.060    34.878    38.522    35.649    36.151
   -11.000   -88.400     4.400   172.046     1.056    66.487   -11.000   -87.200     4.449   172.618     0.805    82.704    35.413    37.387    35.986    35.614
   -11.000   -87.200     4.449   172.618     0.805    82.704   -11.000   -88.400     4.400   172.046     1.056    66.487    35.986    35.614    35.413    37.387
   -11.000   -88.400     4.400   172.046     1.056    66.487   -11.000   -86.800     4.465   172.815     0.738    90.317    35.613    37.587    36.383    35.217
   -11.000   -86.800     4.465   172.815     0.738    90.317   -11.000   -88.400     4.400   172.046     1.056    66.487    36.383    35.217    35.613    37.587
   -11.000   -88.000     4.417   172.234     0.967    70.978   -11.000   -87.800     4.425   172.329     0.924    73.530    35.501    36.699    35.596    36.404
   -11.000   -87.800     4.425   172.329     0.924    73.530   -11.000   -88.000     4.417   172.234     0.967    70.978    35.596    36.404    35.501    36.699
   -11.000   -87.600     4.433   172.425     0.882    76.319   -11.000   -88.400     4.400   172.046     1.056    66.487    35.592    36.008    35.213    37.187
   -11.000   -88.400     4.400   172.046     1.056    66.487   -11.000   -87.600     4.433   172.425     0.882    76.319    35.213    37.187    35.592    36.008
   -11.000   -88.800     4.384   171.860     1.150    62.679   -11.000   -87.400     4.441   172.521     0.843    79.369    34.928    37.672    35.589    35.611
   -11.000   -87.400     4.441   172.521     0.843    79.369   -11.000   -88.800     4.384   171.860     1.150    62.679    35.589    35.611    34.928    37.672
   -10.800   -86.200     4.560   171.981     1.060    89.644   -10.800   -88.600     4.458   170.826     1.542    64.432    35.848    35.552    34.693    39.107
   -10.800   -88.600     4.458   170.826     1.542    64.432   -10.800   -86.200     4.560   171.981     1.060    89.644    34.693    39.107    35.848    35.552
   -11.000   -88.600     4.392   171.953     1.103    64.506   -11.000   -86.600     4.474   172.914     0.710    94.626    35.520    37.880    36.482    34.918
   -11.000   -86.600     4.474   172.914     0.710    94.626   -11.000   -88.600     4.392   171.953     1.103    64.506    36.482    34.918    35.520    37.880
   -11.000   -88.600     4.392   171.953     1.103    64.506   -11.000   -87.200     4.449   172.618     0.805    82.704    35.220    37.580    35.886    35.514
   -11.000   -87.200     4.449   172.618     0.805    82.704   -11.000   -88.600     4.392   171.953     1.103    64.506    35.886    35.514    35.220    37.580
   -11.000   -88.400     4.400   172.046     1.056    66.487   -11.000   -87.000     4.457   172.716     0.770    86.347    35.513    37.487    36.184    35.416
   -11.000   -87.000     4.457   172.716     0.770    86.347   -11.000   -88.400     4.400   172.046     1.056    66.487    36.184    35.416    35.513    37.487
   -11.000   -88.200     4.409   172.139     1.011    68.637   -11.000   -87.800     4.425   172.329     0.924    73.530    35.307    36.893    35.496    36.304
   -11.000   -87.800     4.425   172.329     0.924    73.530   -11.000   -88.200     4.409   172.139     1.011    68.637    35.496    36.304    35.307    36.893
   -11.000   -88.600     4.392   171.953     1.103    64.506   -11.000   -87.600     4.433   172.425     0.882    76.319    35.020    37.380    35.492    35.908
   -11.000   -87.600     4.433   172.425     0.882    76.319   -11.000   -88.600     4.392   171.953     1.103    64.506    35.492    35.908    35.020    37.380
   -11.000   -89.000     4.376   171.769     1.198    60.987   -11.000   -87.400     4.441   172.521     0.843    79.369    34.736    37.864    35.489    35.511
   -11.000   -87.400     4.441   172.521     0.843    79.369   -11.000   -89.000     4.376   171.769     1.198    60.987    35.489    35.511    34.736    37.864
   -10.800   -87.800     4.492   171.199     1.364    70.897   -10.800   -87.000     4.527   171.584     1.200    79.118    35.066    37.934    35.452    36.748
   -10.800   -87.000     4.527   171.584     1.200    79.118   -10.800   -87.800     4.492   171.199     1.364    70.897    35.452    36.748    35.066    37.934
   -10.800   -88.600     4.458   170.826     1.542    64.432   -10.800   -86.600     4.543   171.781     1.126    84.060    34.493    38.907    35.449    35.951
   -10.800   -86.600     4.543   171.781     1.126    84.060   -10.800   -88.600     4.458   170.826     1.542    64.432    35.449    35.951    34.493    38.907
   -11.000   -88.600     4.392   171.953     1.103    64.506   -11.000   -86.800     4.465   172.815     0.738    90.317    35.420    37.780    36.283    35.117
   -11.000   -86.800     4.465   172.815     0.738    90.317   -11.000   -88.600     4.392   171.953     1.103    64.506    36.283    35.117    35.420    37.780
   -11.000   -88.800     4.384   171.860     1.150    62.679   -11.000   -87.200     4.449   172.618     0.805    82.704    35.028    37.772    35.786    35.414
   -11.000   -87.200     4.449   172.618     0.805    82.704   -11.000   -88.800     4.384   171.860     1.150    62.679    35.786    35.414    35.028    37.772
   -11.000   -88.400     4.400   172.046     1.056    66.487   -11.000   -87.800     4.425   172.329     0.924    73.530    35.113    37.087    35.396    36.204
   -11.000   -87.800     4.425   172.329     0.924    73.530   -11.000   -88.400     4.400   172.046     1.056    66.487    35.396    36.204    35.113    37.087
   -11.000   -88.800     4.384   171.860     1.150    62.679   -11.000   -87.600     4.433   172.425     0.882    76.319    34.828    37.572    35.392    35.808
   -11.000   -87.600     4.433   172.425     0.882    76.319   -11.000   -88.800     4.384   171.860     1.150    62.679    35.392    35.808    34.828    37.572
   -11.000   -89.200     4.368   171.678     1.246    59.417   -11.000   -87.400     4.441   172.521     0.843    79.369    34.546    38.054    35.389    35.411
   -11.000   -87.400     4.441   172.521     0.843    79.369   -11.000   -89.200     4.368   171.678     1.246    59.417    35.389    35.411    34.546    38.054
   -10.800   -86.200     4.560   171.981     1.060    89.644   -10.800   -89.000     4.441   170.643     1.635    61.707    35.648    35.352    34.311    39.489
   -10.800   -89.000     4.441   170.643     1.635    61.707   -10.800   -86.200     4.560   171.981     1.060    89.644    34.311    39.489    35.648    35.352
   -11.000   -88.800     4.384   171.860     1.150    62.679   -11.000   -86.600     4.474   172.914     0.710    94.626    35.328    38.072    36.382    34.818
   -11.000   -86.600     4.474   172.914     0.710    94.626   -11.000   -88.800     4.384   171.860     1.150    62.679    36.382    34.818    35.328    38.072
   -11.000   -88.600     4.392   171.953     1.103    64.506   -11.000   -87.000     4.457   172.716     0.770    86.347    35.320    37.680    36.084    35.316
   -11.000   -87.000     4.457   172.716     0.770    86.347   -11.000   -88.600     4.392   171.953     1.103    64.506    36.084    35.316    35.320    37.680
   -11.000   -89.000     4.376   171.769     1.198    60.987   -11.000   -87.200     4.449   172.618     0.805    82.704    34.836    37.964    35.686    35.314
   -11.000   -87.200     4.449   172.618     0.805    82.704   -11.000   -89.000     4.376   171.769     1.198    60.987    35.686    35.314    34.836    37.964
   -11.000   -88.200     4.409   172.139     1.011    68.637   -11.000   -88.000     4.417   172.234     0.967    70.978    35.207    36.793    35.301    36.499
   -11.000   -88.000     4.417   172.234     0.967    70.978   -11.000   -88.200     4.409   172.139     1.011    68.637    35.301    36.499    35.207    36.793
   -11.000   -88.600     4.392   171.953     1.103    64.506   -11.000   -87.800     4.425   172.329     0.924    73.530    34.920    37.280    35.296    36.104
   -11.000   -87.800     4.425   172.329     0.924    73.530   -11.000   -88.600     4.392   171.953     1.103    64.506    35.296    36.104    34.920    37.280
   -11.000   -89.000     4.376   171.769     1.198    60.987   -11.000   -87.600     4.433   172.425     0.882    76.319    34.636    37.764    35.292    35.708
   -11.000   -87.600     4.433   172.425     0.882    76.319   -11.000   -89.000     4.376   171.769     1.198    60.987    35.292    35.708    34.636    37.764
   -11.000   -89.400     4.360   171.588     1.295    57.955   -11.000   -87.400     4.441   172.521     0.843    79.369    34.356    38.244    35.289    35.311
   -11.000   -87.400     4.441   172.521     0.843    79.369   -11.000   -89.400     4.360   171.588     1.295    57.955    35.289    35.311    34.356    38.244
   -10.800   -88.200     4.475   171.011     1.451    67.477   -10.800   -87.000     4.527   171.584     1.200    79.118    34.678    38.322    35.252    36.548
   -10.800   -87.000     4.527   171.584     1.200    79.118   -10.800   -88.200     4.475   171.011     1.451    67.477    35.252    36.548    34.678    38.322
   -10.800   -89.000     4.441   170.643     1.635    61.707   -10.800   -86.600     4.543   171.781     1.126    84.060    34.111    39.289    35.249    35.751
   -10.800   -86.600     4.543   171.781     1.126    84.060   -10.800   -89.000     4.441   170.643     1.635    61.707    35.249    35.751    34.111    39.289
   -11.000   -86.800     4.465   172.815     0.738    90.317   -11.000   -88.800     4.384   171.860     1.150    62.679    36.183    35.017    35.228    37.972
   -11.000   -88.800     4.384   171.860     1.150    62.679   -11.000   -86.800     4.465   172.815     0.738    90.317    35.228    37.972    36.183    35.017
   -11.000   -88.800     4.384   171.860     1.150    62.679   -11.000   -87.000     4.457   172.716     0.770    86.347    35.128    37.872    35.984    35.216
   -11.000   -87.000     4.457   172.716     0.770    86.347   -11.000   -88.800     4.384   171.860     1.150    62.679    35.984    35.216    35.128    37.872
   -11.000   -89.200     4.368   171.678     1.246    59.417   -11.000   -87.200     4.449   172.618     0.805    82.704    34.646    38.154    35.586    35.214
   -11.000   -87.200     4.449   172.618     0.805    82.704   -11.000   -89.200     4.368   171.678     1.246    59.417    35.586    35.214    34.646    38.154
   -11.000   -88.400     4.400   172.046     1.056    66.487   -11.000   -88.000     4.417   172.234     0.967    70.978    35.013    36.987    35.201    36.399
   -11.000   -88.000     4.417   172.234     0.967    70.978   -11.000   -88.400     4.400   172.046     1.056    66.487    35.201    36.399    35.013    36.987
   -11.000   -88.800     4.384   171.860     1.150    62.679   -11.000   -87.800     4.425   172.329     0.924    73.530    34.728    37.472    35.196    36.004
   -11.000   -87.800     4.425   172.329     0.924    73.530   -11.000   -88.800     4.384   171.860     1.150    62.679    35.196    36.004    34.728    37.472
   -11.000   -87.600     4.433   172.425     0.882    76.319   -11.000   -89.200     4.368   171.678     1.246    59.417    35.192    35.608    34.446    37.954
   -11.000   -89.200     4.368   171.678     1.246    59.417   -11.000   -87.600     4.433   172.425     0.882    76.319    34.446    37.954    35.192    35.608
   -11.000   -89.600     4.351   171.499     1.344    56.592   -11.000   -87.400     4.441   172.521     0.843    79.369    34.166    38.434    35.189    35.211
   -11.000   -87.400     4.441   172.521     0.843    79.369   -11.000   -89.600     4.351   171.499     1.344    56.592    35.189    35.211    34.166    38.434
   -11.000   -89.000     4.376   171.769     1.198    60.987   -11.000   -86.600     4.474   172.914     0.710    94.626    35.136    38.264    36.282    34.718
   -11.000   -86.600     4.474   172.914     0.710    94.626   -11.000   -89.000     4.376   171.769     1.198    60.987    36.282    34.718    35.136    38.264
   -11.000   -89.000     4.376   171.769     1.198    60.987   -11.000   -87.000     4.457   172.716     0.770    86.347    34.936    38.064    35.884    35.116
   -11.000   -87.000     4.457   172.716     0.770    86.347   -11.000   -89.000     4.376   171.769     1.198    60.987    35.884    35.116    34.936    38.064
   -11.000   -87.200     4.449   172.618     0.805    82.704   -11.000   -89.400     4.360   171.588     1.295    57.955    35.486    35.114    34.456    38.344
   -11.000   -89.400     4.360   171.588     1.295    57.955   -11.000   -87.200     4.449   172.618     0.805    82.704    34.456    38.344    35.486    35.114
   -11.000   -88.600     4.392   171.953     1.103    64.506   -11.000   -88.000     4.417   172.234     0.967    70.978    34.820    37.180    35.101    36.299
   -11.000   -88.000     4.417   172.234     0.967    70.978   -11.000   -88.600     4.392   171.953     1.103    64.506    35.101    36.299    34.820    37.180
   -11.000   -89.000     4.376   171.769     1.198    60.987   -11.000   -87.800     4.425   172.329     0.924    73.530    34.536    37.664    35.096    35.904
   -11.000   -87.800     4.425   172.329     0.924    73.530   -11.000   -89.000     4.376   171.769     1.198    60.987    35.096    35.904    34.536    37.664
   -11.000   -89.400     4.360   171.588     1.295    57.955   -11.000   -87.600     4.433   172.425     0.882    76.319    34.256    38.144    35.092    35.508
   -11.000   -87.600     4.433   172.425     0.882    76.319   -11.000   -89.400     4.360   171.588     1.295    57.955    35.092    35.508    34.256    38.144
   -11.000   -89.800     4.343   171.410     1.394    55.317   -11.000   -87.400     4.441   172.521     0.843    79.369    33.978    38.622    35.089    35.111
   -11.000   -87.400     4.441   172.521     0.843    79.369   -11.000   -89.800     4.343   171.410     1.394    55.317    35.089    35.111    33.978    38.622
   -10.800   -87.800     4.492   171.199     1.364    70.897   -10.800   -87.400     4.509   171.390     1.279    74.754    34.866    37.734    35.057    37.143
   -10.800   -87.400     4.509   171.390     1.279    74.754   -10.800   -87.800     4.492   171.199     1.364    70.897    35.057    37.143    34.866    37.734
   -10.800   -87.000     4.527   171.584     1.200    79.118   -10.800   -88.600     4.458   170.826     1.542    64.432    35.052    36.348    34.293    38.707
   -10.800   -88.600     4.458   170.826     1.542    64.432   -10.800   -87.000     4.527   171.584     1.200    79.118    34.293    38.707    35.052    36.348
   -11.000   -86.800     4.465   172.815     0.738    90.317   -11.000   -89.000     4.376   171.769     1.198    60.987    36.083    34.917    35.036    38.164
   -11.000   -89.000     4.376   171.769     1.198    60.987   -11.000   -86.800     4.465   172.815     0.738    90.317    35.036    38.164    36.083    34.917
   -11.000   -89.200     4.368   171.678     1.246    59.417   -11.000   -87.000     4.457   172.716     0.770    86.347    34.746    38.254    35.784    35.016
   -11.000   -87.000     4.457   172.716     0.770    86.347   -11.000   -89.200     4.368   171.678     1.246    59.417    35.784    35.016    34.746    38.254
   -11.000   -89.600     4.351   171.499     1.344    56.592   -11.000   -87.200     4.449   172.618     0.805    82.704    34.266    38.534    35.386    35.014
   -11.000   -87.200     4.449   172.618     0.805    82.704   -11.000   -89.600     4.351   171.499     1.344    56.592    35.386    35.014    34.266    38.534
   -11.000   -88.400     4.400   172.046     1.056    66.487   -11.000   -88.200     4.409   172.139     1.011    68.637    34.913    36.887    35.007    36.593
   -11.000   -88.200     4.409   172.139     1.011    68.637   -11.000   -88.400     4.400   172.046     1.056    66.487    35.007    36.593    34.913    36.887
   -11.000   -88.000     4.417   172.234     0.967    70.978   -11.000   -88.800     4.384   171.860     1.150    62.679    35.001    36.199    34.628    37.372
   -11.000   -88.800     4.384   171.860     1.150    62.679   -11.000   -88.000     4.417   172.234     0.967    70.978    34.628    37.372    35.001    36.199
   -11.000   -89.200     4.368   171.678     1.246    59.417   -11.000   -87.800     4.425   172.329     0.924    73.530    34.346    37.854    34.996    35.804
   -11.000   -87.800     4.425   172.329     0.924    73.530   -11.000   -89.200     4.368   171.678     1.246    59.417    34.996    35.804    34.346    37.854
   -11.000   -89.600     4.351   171.499     1.344    56.592   -11.000   -87.600     4.433   172.425     0.882    76.319    34.066    38.334    34.992    35.408
   -11.000   -87.600     4.433   172.425     0.882    76.319   -11.000   -89.600     4.351   171.499     1.344    56.592    34.992    35.408    34.066    38.334
   -11.000   -87.400     4.441   172.521     0.843    79.369   -11.000   -90.000     4.335   171.322     1.444    54.121    34.989    35.011    33.790    38.810
   -11.000   -90.000     4.335   171.322     1.444    54.121   -11.000   -87.400     4.441   172.521     0.843    79.369    33.790    38.810    34.989    35.011
   -11.000   -89.200     4.368   171.678     1.246    59.417   -11.000   -86.600     4.474   172.914     0.710    94.626    34.946    38.454    36.182    34.618
   -11.000   -86.600     4.474   172.914     0.710    94.626   -11.000   -89.200     4.368   171.678     1.246    59.417    36.182    34.618    34.946    38.454
   -11.000   -87.000     4.457   172.716     0.770    86.347   -11.000   -89.400     4.360   171.588     1.295    57.955    35.684    34.916    34.556    38.444
   -11.000   -89.400     4.360   171.588     1.295    57.955   -11.000   -87.000     4.457   172.716     0.770    86.347    34.556    38.444    35.684    34.916
   -11.000   -87.200     4.449   172.618     0.805    82.704   -11.000   -89.800     4.343   171.410     1.394    55.317    35.286    34.914    34.078    38.722
   -11.000   -89.800     4.343   171.410     1.394    55.317   -11.000   -87.200     4.449   172.618     0.805    82.704    34.078    38.722    35.286    34.914
   -11.000   -88.600     4.392   171.953     1.103    64.506   -11.000   -88.200     4.409   172.139     1.011    68.637    34.720    37.080    34.907    36.493
   -11.000   -88.200     4.409   172.139     1.011    68.637   -11.000   -88.600     4.392   171.953     1.103    64.506    34.907    36.493    34.720    37.080
   -11.000   -89.000     4.376   171.769     1.198    60.987   -11.000   -88.000     4.417   172.234     0.967    70.978    34.436    37.564    34.901    36.099
   -11.000   -88.000     4.417   172.234     0.967    70.978   -11.000   -89.000     4.376   171.769     1.198    60.987    34.901    36.099    34.436    37.564
   -11.000   -87.800     4.425   172.329     0.924    73.530   -11.000   -89.400     4.360   171.588     1.295    57.955    34.896    35.704    34.156    38.044
   -11.000   -89.400     4.360   171.588     1.295    57.955   -11.000   -87.800     4.425   172.329     0.924    73.530    34.156    38.044    34.896    35.704
   -11.000   -89.800     4.343   171.410     1.394    55.317   -11.000   -87.600     4.433   172.425     0.882    76.319    33.878    38.522    34.892    35.308
   -11.000   -87.600     4.433   172.425     0.882    76.319   -11.000   -89.800     4.343   171.410     1.394    55.317    34.892    35.308    33.878    38.522
   -11.000   -90.200     4.327   171.235     1.494    52.997   -11.000   -87.400     4.441   172.521     0.843    79.369    33.602    38.998    34.889    34.911
   -11.000   -87.400     4.441   172.521     0.843    79.369   -11.000   -90.200     4.327   171.235     1.494    52.997    34.889    34.911    33.602    38.998
   -10.800   -88.200     4.475   171.011     1.451    67.477   -10.800   -87.400     4.509   171.390     1.279    74.754    34.478    38.122    34.857    36.943
   -10.800   -87.400     4.509   171.390     1.279    74.754   -10.800   -88.200     4.475   171.011     1.451    67.477    34.857    36.943    34.478    38.122
   -10.800   -87.000     4.527   171.584     1.200    79.118   -10.800   -89.000     4.441   170.643     1.635    61.707    34.852    36.148    33.911    39.089
   -10.800   -89.000     4.441   170.643     1.635    61.707   -10.800   -87.000     4.527   171.584     1.200    79.118    33.911    39.089    34.852    36.148
   -11.000   -86.800     4.465   172.815     0.738    90.317   -11.000   -89.200     4.368   171.678     1.246    59.417    35.983    34.817    34.846    38.354
   -11.000   -89.200     4.368   171.678     1.246    59.417   -11.000   -86.800     4.465   172.815     0.738    90.317    34.846    38.354    35.983    34.817
   -11.000   -89.600     4.351   171.499     1.344    56.592   -11.000   -87.000     4.457   172.716     0.770    86.347    34.366    38.634    35.584    34.816
   -11.000   -87.000     4.457   172.716     0.770    86.347   -11.000   -89.600     4.351   171.499     1.344    56.592    35.584    34.816    34.366    38.634
   -11.000   -87.200     4.449   172.618     0.805    82.704   -11.000   -90.000     4.335   171.322     1.444    54.121    35.186    34.814    33.890    38.910
   -11.000   -90.000     4.335   171.322     1.444    54.121   -11.000   -87.200     4.449   172.618     0.805    82.704    33.890    38.910    35.186    34.814
   -11.000   -88.200     4.409   172.139     1.011    68.637   -11.000   -88.800     4.384   171.860     1.150    62.679    34.807    36.393    34.528    37.272
   -11.000   -88.800     4.384   171.860     1.150    62.679   -11.000   -88.200     4.409   172.139     1.011    68.637    34.528    37.272    34.807    36.393
   -11.000   -89.200     4.368   171.678     1.246    59.417   -11.000   -88.000     4.417   172.234     0.967    70.978    34.246    37.754    34.801    35.999
   -11.000   -88.000     4.417   172.234     0.967    70.978   -11.000   -89.200     4.368   171.678     1.246    59.417    34.801    35.999    34.246    37.754
   -11.000   -87.800     4.425   172.329     0.924    73.530   -11.000   -89.600     4.351   171.499     1.344    56.592    34.796    35.604    33.966    38.234
   -11.000   -89.600     4.351   171.499     1.344    56.592   -11.000   -87.800     4.425   172.329     0.924    73.530    33.966    38.234    34.796    35.604
   -11.000   -90.000     4.335   171.322     1.444    54.121   -11.000   -87.600     4.433   172.425     0.882    76.319    33.690    38.710    34.792    35.208
   -11.000   -87.600     4.433   172.425     0.882    76.319   -11.000   -90.000     4.335   171.322     1.444    54.121    34.792    35.208    33.690    38.710
   -11.000   -90.400     4.319   171.148     1.544    51.938   -11.000   -87.400     4.441   172.521     0.843    79.369    33.416    39.184    34.789    34.811
   -11.000   -87.400     4.441   172.521     0.843    79.369   -11.000   -90.400     4.319   171.148     1.544    51.938    34.789    34.811    33.416    39.184
   -11.000   -89.400     4.360   171.588     1.295    57.955   -11.000   -86.600     4.474   172.914     0.710    94.626    34.756    38.644    36.082    34.518
   -11.000   -86.600     4.474   172.914     0.710    94.626   -11.000   -89.400     4.360   171.588     1.295    57.955    36.082    34.518    34.756    38.644
   -11.000   -89.400     4.360   171.588     1.295    57.955   -11.000   -86.800     4.465   172.815     0.738    90.317    34.656    38.544    35.883    34.717
   -11.000   -86.800     4.465   172.815     0.738    90.317   -11.000   -89.400     4.360   171.588     1.295    57.955    35.883    34.717    34.656    38.544
   -11.000   -89.800     4.343   171.410     1.394    55.317   -11.000   -87.000     4.457   172.716     0.770    86.347    34.178    38.822    35.484    34.716
   -11.000   -87.000     4.457   172.716     0.770    86.347   -11.000   -89.800     4.343   171.410     1.394    55.317    35.484    34.716    34.178    38.822
   -11.000   -87.200     4.449   172.618     0.805    82.704   -11.000   -90.200     4.327   171.235     1.494    52.997    35.086    34.714    33.702    39.098
   -11.000   -90.200     4.327   171.235     1.494    52.997   -11.000   -87.200     4.449   172.618     0.805    82.704    33.702    39.098    35.086    34.714
   -11.000   -88.600     4.392   171.953     1.103    64.506   -11.000   -88.400     4.400   172.046     1.056    66.487    34.620    36.980    34.713    36.687
   -11.000   -88.400     4.400   172.046     1.056    66.487   -11.000   -88.600     4.392   171.953     1.103    64.506    34.713    36.687    34.620    36.980
   -11.000   -89.000     4.376   171.769     1.198    60.987   -11.000   -88.200     4.409   172.139     1.011    68.637    34.336    37.464    34.707    36.293
   -11.000   -88.200     4.409   172.139     1.011    68.637   -11.000   -89.000     4.376   171.769     1.198    60.987    34.707    36.293    34.336    37.464
   -11.000   -89.400     4.360   171.588     1.295    57.955   -11.000   -88.000     4.417   172.234     0.967    70.978    34.056    37.944    34.701    35.899
   -11.000   -88.000     4.417   172.234     0.967    70.978   -11.000   -89.400     4.360   171.588     1.295    57.955    34.701    35.899    34.056    37.944
   -11.000   -89.800     4.343   171.410     1.394    55.317   -11.000   -87.800     4.425   172.329     0.924    73.530    33.778    38.422    34.696    35.504
   -11.000   -87.800     4.425   172.329     0.924    73.530   -11.000   -89.800     4.343   171.410     1.394    55.317    34.696    35.504    33.778    38.422
   -11.000   -87.600     4.433   172.425     0.882    76.319   -11.000   -90.200     4.327   171.235     1.494    52.997    34.692    35.108    33.502    38.898
   -11.000   -90.200     4.327   171.235     1.494    52.997   -11.000   -87.600     4.433   172.425     0.882    76.319    33.502    38.898    34.692    35.108
   -11.000   -87.400     4.441   172.521     0.843    79.369   -11.000   -90.600     4.310   171.062     1.594    50.938    34.689    34.711    33.230    39.370
   -11.000   -90.600     4.310   171.062     1.594    50.938   -11.000   -87.400     4.441   172.521     0.843    79.369    33.230    39.370    34.689    34.711
   -10.800   -88.600     4.458   170.826     1.542    64.432   -10.800   -87.400     4.509   171.390     1.279    74.754    34.093    38.507    34.657    36.743
   -10.800   -87.400     4.509   171.390     1.279    74.754   -10.800   -88.600     4.458   170.826     1.542    64.432    34.657    36.743    34.093    38.507
   -11.000   -86.800     4.465   172.815     0.738    90.317   -11.000   -89.600     4.351   171.499     1.344    56.592    35.783    34.617    34.466    38.734
   -11.000   -89.600     4.351   171.499     1.344    56.592   -11.000   -86.800     4.465   172.815     0.738    90.317    34.466    38.734    35.783    34.617
   -11.000   -87.000     4.457   172.716     0.770    86.347   -11.000   -90.000     4.335   171.322     1.444    54.121    35.384    34.616    33.990    39.010
   -11.000   -90.000     4.335   171.322     1.444    54.121   -11.000   -87.000     4.457   172.716     0.770    86.347    33.990    39.010    35.384    34.616
   -11.000   -90.400     4.319   171.148     1.544    51.938   -11.000   -87.200     4.449   172.618     0.805    82.704    33.516    39.284    34.986    34.614
   -11.000   -87.200     4.449   172.618     0.805    82.704   -11.000   -90.400     4.319   171.148     1.544    51.938    34.986    34.614    33.516    39.284
   -11.000   -88.800     4.384   171.860     1.150    62.679   -11.000   -88.400     4.400   172.046     1.056    66.487    34.428    37.172    34.613    36.587
   -11.000   -88.400     4.400   172.046     1.056    66.487   -11.000   -88.800     4.384   171.860     1.150    62.679    34.613    36.587    34.428    37.172
   -11.000   -89.200     4.368   171.678     1.246    59.417   -11.000   -88.200     4.409   172.139     1.011    68.637    34.146    37.654    34.607    36.193
   -11.000   -88.200     4.409   172.139     1.011    68.637   -11.000   -89.200     4.368   171.678     1.246    59.417    34.607    36.193    34.146    37.654
   -11.000   -89.600     4.351   171.499     1.344    56.592   -11.000   -88.000     4.417   172.234     0.967    70.978    33.866    38.134    34.601    35.799
   -11.000   -88.000     4.417   172.234     0.967    70.978   -11.000   -89.600     4.351   171.499     1.344    56.592    34.601    35.799    33.866    38.134
   -11.000   -90.000     4.335   171.322     1.444    54.121   -11.000   -87.800     4.425   172.329     0.924    73.530    33.590    38.610    34.596    35.404
   -11.000   -87.800     4.425   172.329     0.924    73.530   -11.000   -90.000     4.335   171.322     1.444    54.121    34.596    35.404    33.590    38.610
   -11.000   -90.400     4.319   171.148     1.544    51.938   -11.000   -87.600     4.433   172.425     0.882    76.319    33.316    39.084    34.592    35.008
   -11.000   -87.600     4.433   172.425     0.882    76.319   -11.000   -90.400     4.319   171.148     1.544    51.938    34.592    35.008    33.316    39.084
   -11.000   -90.800     4.302   170.977     1.645    49.991   -11.000   -87.400     4.441   172.521     0.843    79.369    33.045    39.555    34.589    34.611
   -11.000   -87.400     4.441   172.521     0.843    79.369   -11.000   -90.800     4.302   170.977     1.645    49.991    34.589    34.611    33.045    39.555
   -11.000   -89.600     4.351   171.499     1.344    56.592   -11.000   -86.600     4.474   172.914     0.710    94.626    34.566    38.834    35.982    34.418
   -11.000   -86.600     4.474   172.914     0.710    94.626   -11.000   -89.600     4.351   171.499     1.344    56.592    35.982    34.418    34.566    38.834
   -11.000   -89.800     4.343   171.410     1.394    55.317   -11.000   -86.800     4.465   172.815     0.738    90.317    34.278    38.922    35.683    34.517
   -11.000   -86.800     4.465   172.815     0.738    90.317   -11.000   -89.800     4.343   171.410     1.394    55.317    35.683    34.517    34.278    38.922
   -11.000   -90.200     4.327   171.235     1.494    52.997   -11.000   -87.000     4.457   172.716     0.770    86.347    33.802    39.198    35.284    34.516
   -11.000   -87.000     4.457   172.716     0.770    86.347   -11.000   -90.200     4.327   171.235     1.494    52.997    35.284    34.516    33.802    39.198
   -11.000   -90.600     4.310   171.062     1.594    50.938   -11.000   -87.200     4.449   172.618     0.805    82.704    33.330    39.470    34.886    34.514
   -11.000   -87.200     4.449   172.618     0.805    82.704   -11.000   -90.600     4.310   171.062     1.594    50.938    34.886    34.514    33.330    39.470
   -11.000   -89.000     4.376   171.769     1.198    60.987   -11.000   -88.400     4.400   172.046     1.056    66.487    34.236    37.364    34.513    36.487
   -11.000   -88.400     4.400   172.046     1.056    66.487   -11.000   -89.000     4.376   171.769     1.198    60.987    34.513    36.487    34.236    37.364
   -11.000   -89.400     4.360   171.588     1.295    57.955   -11.000   -88.200     4.409   172.139     1.011    68.637    33.956    37.844    34.507    36.093
   -11.000   -88.200     4.409   172.139     1.011    68.637   -11.000   -89.400     4.360   171.588     1.295    57.955    34.507    36.093    33.956    37.844
   -11.000   -89.800     4.343   171.410     1.394    55.317   -11.000   -88.000     4.417   172.234     0.967    70.978    33.678    38.322    34.501    35.699
   -11.000   -88.000     4.417   172.234     0.967    70.978   -11.000   -89.800     4.343   171.410     1.394    55.317    34.501    35.699    33.678    38.322
   -11.000   -90.200     4.327   171.235     1.494    52.997   -11.000   -87.800     4.425   172.329     0.924    73.530    33.402    38.798    34.496    35.304
   -11.000   -87.800     4.425   172.329     0.924    73.530   -11.000   -90.200     4.327   171.235     1.494    52.997    34.496    35.304    33.402    38.798
   -11.000   -90.600     4.310   171.062     1.594    50.938   -11.000   -87.600     4.433   172.425     0.882    76.319    33.130    39.270    34.492    34.908
   -11.000   -87.600     4.433   172.425     0.882    76.319   -11.000   -90.600     4.310   171.062     1.594    50.938    34.492    34.908    33.130    39.270
   -11.000   -91.000     4.294   170.893     1.695    49.092   -11.000   -87.400     4.441   172.521     0.843    79.369    32.860    39.740    34.489    34.511
   -11.000   -87.400     4.441   172.521     0.843    79.369   -11.000   -91.000     4.294   170.893     1.695    49.092    34.489    34.511    32.860    39.740
   -10.800   -88.200     4.475   171.011     1.451    67.477   -10.800   -87.800     4.492   171.199     1.364    70.897    34.278    37.922    34.466    37.334
   -10.800   -87.800     4.492   171.199     1.364    70.897   -10.800   -88.200     4.475   171.011     1.451    67.477    34.466    37.334    34.278    37.922
   -10.800   -89.000     4.441   170.643     1.635    61.707   -10.800   -87.400     4.509   171.390     1.279    74.754    33.711    38.889    34.457    36.543
   -10.800   -87.400     4.509   171.390     1.279    74.754   -10.800   -89.000     4.441   170.643     1.635    61.707    34.457    36.543    33.711    38.889
   -11.000   -88.800     4.384   171.860     1.150    62.679   -11.000   -88.600     4.392   171.953     1.103    64.506    34.328    37.072    34.420    36.780
   -11.000   -88.600     4.392   171.953     1.103    64.506   -11.000   -88.800     4.384   171.860     1.150    62.679    34.420    36.780    34.328    37.072
   -11.000   -90.000     4.335   171.322     1.444    54.121   -11.000   -86.800     4.465   172.815     0.738    90.317    34.090    39.110    35.583    34.417
   -11.000   -86.800     4.465   172.815     0.738    90.317   -11.000   -90.000     4.335   171.322     1.444    54.121    35.583    34.417    34.090    39.110
   -11.000   -90.400     4.319   171.148     1.544    51.938   -11.000   -87.000     4.457   172.716     0.770    86.347    33.616    39.384    35.184    34.416
   -11.000   -87.000     4.457   172.716     0.770    86.347   -11.000   -90.400     4.319   171.148     1.544    51.938    35.184    34.416    33.616    39.384
   -11.000   -90.800     4.302   170.977     1.645    49.991   -11.000   -87.200     4.449   172.618     0.805    82.704    33.145    39.655    34.786    34.414
   -11.000   -87.200     4.449   172.618     0.805    82.704   -11.000   -90.800     4.302   170.977     1.645    49.991    34.786    34.414    33.145    39.655
   -11.000   -89.200     4.368   171.678     1.246    59.417   -11.000   -88.400     4.400   172.046     1.056    66.487    34.046    37.554    34.413    36.387
   -11.000   -88.400     4.400   172.046     1.056    66.487   -11.000   -89.200     4.368   171.678     1.246    59.417    34.413    36.387    34.046    37.554
   -11.000   -89.600     4.351   171.499     1.344    56.592   -11.000   -88.200     4.409   172.139     1.011    68.637    33.766    38.034    34.407    35.993
   -11.000   -88.200     4.409   172.139     1.011    68.637   -11.000   -89.600     4.351   171.499     1.344    56.592    34.407    35.993    33.766    38.034
   -11.000   -90.000     4.335   171.322     1.444    54.121   -11.000   -88.000     4.417   172.234     0.967    70.978    33.490    38.510    34.401    35.599
   -11.000   -88.000     4.417   172.234     0.967    70.978   -11.000   -90.000     4.335   171.322     1.444    54.121    34.401    35.599    33.490    38.510
   -11.000   -90.400     4.319   171.148     1.544    51.938   -11.000   -87.800     4.425   172.329     0.924    73.530    33.216    38.984    34.396    35.204
   -11.000   -87.800     4.425   172.329     0.924    73.530   -11.000   -90.400     4.319   171.148     1.544    51.938    34.396    35.204    33.216    38.984
   -11.000   -90.800     4.302   170.977     1.645    49.991   -11.000   -87.600     4.433   172.425     0.882    76.319    32.945    39.455    34.392    34.808
   -11.000   -87.600     4.433   172.425     0.882    76.319   -11.000   -90.800     4.302   170.977     1.645    49.991    34.392    34.808    32.945    39.455
   -11.000   -91.200     4.286   170.809     1.746    48.239   -11.000   -87.400     4.441   172.521     0.843    79.369    32.677    39.923    34.389    34.411
   -11.000   -87.400     4.441   172.521     0.843    79.369   -11.000   -91.200     4.286   170.809     1.746    48.239    34.389    34.411    32.677    39.923
   -11.000   -89.800     4.343   171.410     1.394    55.317   -11.000   -86.600     4.474   172.914     0.710    94.626    34.378    39.022    35.882    34.318
   -11.000   -86.600     4.474   172.914     0.710    94.626   -11.000   -89.800     4.343   171.410     1.394    55.317    35.882    34.318    34.378    39.022
   -11.000   -89.000     4.376   171.769     1.198    60.987   -11.000   -88.600     4.392   171.953     1.103    64.506    34.136    37.264    34.320    36.680
   -11.000   -88.600     4.392   171.953     1.103    64.506   -11.000   -89.000     4.376   171.769     1.198    60.987    34.320    36.680    34.136    37.264
   -11.000   -86.800     4.465   172.815     0.738    90.317   -11.000   -90.200     4.327   171.235     1.494    52.997    35.483    34.317    33.902    39.298
   -11.000   -90.200     4.327   171.235     1.494    52.997   -11.000   -86.800     4.465   172.815     0.738    90.317    33.902    39.298    35.483    34.317
   -11.000   -90.600     4.310   171.062     1.594    50.938   -11.000   -87.000     4.457   172.716     0.770    86.347    33.430    39.570    35.084    34.316
   -11.000   -87.000     4.457   172.716     0.770    86.347   -11.000   -90.600     4.310   171.062     1.594    50.938    35.084    34.316    33.430    39.570
   -11.000   -87.200     4.449   172.618     0.805    82.704   -11.000   -91.000     4.294   170.893     1.695    49.092    34.686    34.314    32.960    39.840
   -11.000   -91.000     4.294   170.893     1.695    49.092   -11.000   -87.200     4.449   172.618     0.805    82.704    32.960    39.840    34.686    34.314
   -11.000   -89.400     4.360   171.588     1.295    57.955   -11.000   -88.400     4.400   172.046     1.056    66.487    33.856    37.744    34.313    36.287
   -11.000   -88.400     4.400   172.046     1.056    66.487   -11.000   -89.400     4.360   171.588     1.295    57.955    34.313    36.287    33.856    37.744
   -11.000   -88.200     4.409   172.139     1.011    68.637   -11.000   -89.800     4.343   171.410     1.394    55.317    34.307    35.893    33.578    38.222
   -11.000   -89.800     4.343   171.410     1.394    55.317   -11.000   -88.200     4.409   172.139     1.011    68.637    33.578    38.222    34.307    35.893
   -11.000   -90.200     4.327   171.235     1.494    52.997   -11.000   -88.000     4.417   172.234     0.967    70.978    33.302    38.698    34.301    35.499
   -11.000   -88.000     4.417   172.234     0.967    70.978   -11.000   -90.200     4.327   171.235     1.494    52.997    34.301    35.499    33.302    38.698
   -11.000   -90.600     4.310   171.062     1.594    50.938   -11.000   -87.800     4.425   172.329     0.924    73.530    33.030    39.170    34.296    35.104
   -11.000   -87.800     4.425   172.329     0.924    73.530   -11.000   -90.600     4.310   171.062     1.594    50.938    34.296    35.104    33.030    39.170
   -11.000   -91.000     4.294   170.893     1.695    49.092   -11.000   -87.600     4.433   172.425     0.882    76.319    32.760    39.640    34.292    34.708
   -11.000   -87.600     4.433   172.425     0.882    76.319   -11.000   -91.000     4.294   170.893     1.695    49.092    34.292    34.708    32.760    39.640
   -11.000   -91.400     4.278   170.726     1.796    47.426   -11.000   -87.400     4.441   172.521     0.843    79.369    32.494    40.106    34.289    34.311
   -11.000   -87.400     4.441   172.521     0.843    79.369   -11.000   -91.400     4.278   170.726     1.796    47.426    34.289    34.311    32.494    40.106
   -10.800   -87.800     4.492   171.199     1.364    70.897   -10.800   -88.600     4.458   170.826     1.542    64.432    34.266    37.134    33.893    38.307
   -10.800   -88.600     4.458   170.826     1.542    64.432   -10.800   -87.800     4.492   171.199     1.364    70.897    33.893    38.307    34.266    37.134
   -11.000   -89.200     4.368   171.678     1.246    59.417   -11.000   -88.600     4.392   171.953     1.103    64.506    33.946    37.454    34.220    36.580
   -11.000   -88.600     4.392   171.953     1.103    64.506   -11.000   -89.200     4.368   171.678     1.246    59.417    34.220    36.580    33.946    37.454
   -11.000   -86.600     4.474   172.914     0.710    94.626   -11.000   -90.000     4.335   171.322     1.444    54.121    35.782    34.218    34.190    39.210
   -11.000   -90.000     4.335   171.322     1.444    54.121   -11.000   -86.600     4.474   172.914     0.710    94.626    34.190    39.210    35.782    34.218
   -11.000   -86.800     4.465   172.815     0.738    90.317   -11.000   -90.400     4.319   171.148     1.544    51.938    35.383    34.217    33.716    39.484
   -11.000   -90.400     4.319   171.148     1.544    51.938   -11.000   -86.800     4.465   172.815     0.738    90.317    33.716    39.484    35.383    34.217
   -11.000   -87.000     4.457   172.716     0.770    86.347   -11.000   -90.800     4.302   170.977     1.645    49.991    34.984    34.216    33.245    39.755
   -11.000   -90.800     4.302   170.977     1.645    49.991   -11.000   -87.000     4.457   172.716     0.770    86.347    33.245    39.755    34.984    34.216
   -11.000   -91.200     4.286   170.809     1.746    48.239   -11.000   -87.200     4.449   172.618     0.805    82.704    32.777    40.023    34.586    34.214
   -11.000   -87.200     4.449   172.618     0.805    82.704   -11.000   -91.200     4.286   170.809     1.746    48.239    34.586    34.214    32.777    40.023
   -11.000   -89.600     4.351   171.499     1.344    56.592   -11.000   -88.400     4.400   172.046     1.056    66.487    33.666    37.934    34.213    36.187
   -11.000   -88.400     4.400   172.046     1.056    66.487   -11.000   -89.600     4.351   171.499     1.344    56.592    34.213    36.187    33.666    37.934
   -11.000   -90.000     4.335   171.322     1.444    54.121   -11.000   -88.200     4.409   172.139     1.011    68.637    33.390    38.410    34.207    35.793
   -11.000   -88.200     4.409   172.139     1.011    68.637   -11.000   -90.000     4.335   171.322     1.444    54.121    34.207    35.793    33.390    38.410
   -11.000   -90.400     4.319   171.148     1.544    51.938   -11.000   -88.000     4.417   172.234     0.967    70.978    33.116    38.884    34.201    35.399
   -11.000   -88.000     4.417   172.234     0.967    70.978   -11.000   -90.400     4.319   171.148     1.544    51.938    34.201    35.399    33.116    38.884
   -11.000   -90.800     4.302   170.977     1.645    49.991   -11.000   -87.800     4.425   172.329     0.924    73.530    32.845    39.355    34.196    35.004
   -11.000   -87.800     4.425   172.329     0.924    73.530   -11.000   -90.800     4.302   170.977     1.645    49.991    34.196    35.004    32.845    39.355
   -11.000   -91.200     4.286   170.809     1.746    48.239   -11.000   -87.600     4.433   172.425     0.882    76.319    32.577    39.823    34.192    34.608
   -11.000   -87.600     4.433   172.425     0.882    76.319   -11.000   -91.200     4.286   170.809     1.746    48.239    34.192    34.608    32.577    39.823
   -11.000   -91.600     4.270   170.644     1.847    46.651   -11.000   -87.400     4.441   172.521     0.843    79.369    32.311    40.289    34.189    34.211
   -11.000   -87.400     4.441   172.521     0.843    79.369   -11.000   -91.600     4.270   170.644     1.847    46.651    34.189    34.211    32.311    40.289
   -11.000   -89.000     4.376   171.769     1.198    60.987   -11.000   -88.800     4.384   171.860     1.150    62.679    34.036    37.164    34.128    36.872
   -11.000   -88.800     4.384   171.860     1.150    62.679   -11.000   -89.000     4.376   171.769     1.198    60.987    34.128    36.872    34.036    37.164
   -11.000   -89.400     4.360   171.588     1.295    57.955   -11.000   -88.600     4.392   171.953     1.103    64.506    33.756    37.644    34.120    36.480
   -11.000   -88.600     4.392   171.953     1.103    64.506   -11.000   -89.400     4.360   171.588     1.295    57.955    34.120    36.480    33.756    37.644
   -11.000   -90.200     4.327   171.235     1.494    52.997   -11.000   -86.600     4.474   172.914     0.710    94.626    34.002    39.398    35.682    34.118
   -11.000   -86.600     4.474   172.914     0.710    94.626   -11.000   -90.200     4.327   171.235     1.494    52.997    35.682    34.118    34.002    39.398
   -11.000   -86.800     4.465   172.815     0.738    90.317   -11.000   -90.600     4.310   171.062     1.594    50.938    35.283    34.117    33.530    39.670
   -11.000   -90.600     4.310   171.062     1.594    50.938   -11.000   -86.800     4.465   172.815     0.738    90.317    33.530    39.670    35.283    34.117
   -11.000   -87.000     4.457   172.716     0.770    86.347   -11.000   -91.000     4.294   170.893     1.695    49.092    34.884    34.116    33.060    39.940
   -11.000   -91.000     4.294   170.893     1.695    49.092   -11.000   -87.000     4.457   172.716     0.770    86.347    33.060    39.940    34.884    34.116
   -11.000   -87.200     4.449   172.618     0.805    82.704   -11.000   -91.400     4.278   170.726     1.796    47.426    34.486    34.114    32.594    40.206
   -11.000   -91.400     4.278   170.726     1.796    47.426   -11.000   -87.200     4.449   172.618     0.805    82.704    32.594    40.206    34.486    34.114
   -11.000   -89.800     4.343   171.410     1.394    55.317   -11.000   -88.400     4.400   172.046     1.056    66.487    33.478    38.122    34.113    36.087
   -11.000   -88.400     4.400   172.046     1.056    66.487   -11.000   -89.800     4.343   171.410     1.394    55.317    34.113    36.087    33.478    38.122
   -11.000   -90.200     4.327   171.235     1.494    52.997   -11.000   -88.200     4.409   172.139     1.011    68.637    33.202    38.598    34.107    35.693
   -11.000   -88.200     4.409   172.139     1.011    68.637   -11.000   -90.200     4.327   171.235     1.494    52.997    34.107    35.693    33.202    38.598
   -11.000   -90.600     4.310   171.062     1.594    50.938   -11.000   -88.000     4.417   172.234     0.967    70.978    32.930    39.070    34.101    35.299
   -11.000   -88.000     4.417   172.234     0.967    70.978   -11.000   -90.600     4.310   171.062     1.594    50.938    34.101    35.299    32.930    39.070
   -11.000   -91.000     4.294   170.893     1.695    49.092   -11.000   -87.800     4.425   172.329     0.924    73.530    32.660    39.540    34.096    34.904
   -11.000   -87.800     4.425   172.329     0.924    73.530   -11.000   -91.000     4.294   170.893     1.695    49.092    34.096    34.904    32.660    39.540
   -11.000   -91.400     4.278   170.726     1.796    47.426   -11.000   -87.600     4.433   172.425     0.882    76.319    32.394    40.006    34.092    34.508
   -11.000   -87.600     4.433   172.425     0.882    76.319   -11.000   -91.400     4.278   170.726     1.796    47.426    34.092    34.508    32.394    40.006
   -11.000   -87.400     4.441   172.521     0.843    79.369   -11.000   -91.800     4.261   170.562     1.897    45.910    34.089    34.111    32.130    40.470
   -11.000   -91.800     4.261   170.562     1.897    45.910   -11.000   -87.400     4.441   172.521     0.843    79.369    32.130    40.470    34.089    34.111
   -10.800   -89.000     4.441   170.643     1.635    61.707   -10.800   -87.800     4.492   171.199     1.364    70.897    33.511    38.689    34.066    36.934
   -10.800   -87.800     4.492   171.199     1.364    70.897   -10.800   -89.000     4.441   170.643     1.635    61.707    34.066    36.934    33.511    38.689
   -11.000   -89.200     4.368   171.678     1.246    59.417   -11.000   -88.800     4.384   171.860     1.150    62.679    33.846    37.354    34.028    36.772
   -11.000   -88.800     4.384   171.860     1.150    62.679   -11.000   -89.200     4.368   171.678     1.246    59.417    34.028    36.772    33.846    37.354
   -11.000   -89.600     4.351   171.499     1.344    56.592   -11.000   -88.600     4.392   171.953     1.103    64.506    33.566    37.834    34.020    36.380
   -11.000   -88.600     4.392   171.953     1.103    64.506   -11.000   -89.600     4.351   171.499     1.344    56.592    34.020    36.380    33.566    37.834
   -11.000   -86.600     4.474   172.914     0.710    94.626   -11.000   -90.400     4.319   171.148     1.544    51.938    35.582    34.018    33.816    39.584
   -11.000   -90.400     4.319   171.148     1.544    51.938   -11.000   -86.600     4.474   172.914     0.710    94.626    33.816    39.584    35.582    34.018
   -11.000   -86.800     4.465   172.815     0.738    90.317   -11.000   -90.800     4.302   170.977     1.645    49.991    35.183    34.017    33.345    39.855
   -11.000   -90.800     4.302   170.977     1.645    49.991   -11.000   -86.800     4.465   172.815     0.738    90.317    33.345    39.855    35.183    34.017
   -11.000   -87.000     4.457   172.716     0.770    86.347   -11.000   -91.200     4.286   170.809     1.746    48.239    34.784    34.016    32.877    40.123
   -11.000   -91.200     4.286   170.809     1.746    48.239   -11.000   -87.000     4.457   172.716     0.770    86.347    32.877    40.123    34.784    34.016
   -11.000   -91.600     4.270   170.644     1.847    46.651   -11.000   -87.200     4.449   172.618     0.805    82.704    32.411    40.389    34.386    34.014
   -11.000   -87.200     4.449   172.618     0.805    82.704   -11.000   -91.600     4.270   170.644     1.847    46.651    34.386    34.014    32.411    40.389
   -11.000   -88.400     4.400   172.046     1.056    66.487   -11.000   -90.000     4.335   171.322     1.444    54.121    34.013    35.987    33.290    38.310
   -11.000   -90.000     4.335   171.322     1.444    54.121   -11.000   -88.400     4.400   172.046     1.056    66.487    33.290    38.310    34.013    35.987
   -11.000   -90.400     4.319   171.148     1.544    51.938   -11.000   -88.200     4.409   172.139     1.011    68.637    33.016    38.784    34.007    35.593
   -11.000   -88.200     4.409   172.139     1.011    68.637   -11.000   -90.400     4.319   171.148     1.544    51.938    34.007    35.593    33.016    38.784
   -11.000   -90.800     4.302   170.977     1.645    49.991   -11.000   -88.000     4.417   172.234     0.967    70.978    32.745    39.255    34.001    35.199
   -11.000   -88.000     4.417   172.234     0.967    70.978   -11.000   -90.800     4.302   170.977     1.645    49.991    34.001    35.199    32.745    39.255
   -11.000   -91.200     4.286   170.809     1.746    48.239   -11.000   -87.800     4.425   172.329     0.924    73.530    32.477    39.723    33.996    34.804
   -11.000   -87.800     4.425   172.329     0.924    73.530   -11.000   -91.200     4.286   170.809     1.746    48.239    33.996    34.804    32.477    39.723
   -11.000   -91.600     4.270   170.644     1.847    46.651   -11.000   -87.600     4.433   172.425     0.882    76.319    32.211    40.189    33.992    34.408
   -11.000   -87.600     4.433   172.425     0.882    76.319   -11.000   -91.600     4.270   170.644     1.847    46.651    33.992    34.408    32.211    40.189
   -11.000   -92.000     4.253   170.481     1.948    45.201   -11.000   -87.400     4.441   172.521     0.843    79.369    31.949    40.651    33.989    34.011
   -11.000   -87.400     4.441   172.521     0.843    79.369   -11.000   -92.000     4.253   170.481     1.948    45.201    33.989    34.011    31.949    40.651
   -11.000   -89.400     4.360   171.588     1.295    57.955   -11.000   -88.800     4.384   171.860     1.150    62.679    33.656    37.544    33.928    36.672
   -11.000   -88.800     4.384   171.860     1.150    62.679   -11.000   -89.400     4.360   171.588     1.295    57.955    33.928    36.672    33.656    37.544
   -11.000   -88.600     4.392   171.953     1.103    64.506   -11.000   -89.800     4.343   171.410     1.394    55.317    33.920    36.280    33.378    38.022
   -11.000   -89.800     4.343   171.410     1.394    55.317   -11.000   -88.600     4.392   171.953     1.103    64.506    33.378    38.022    33.920    36.280
   -11.000   -86.600     4.474   172.914     0.710    94.626   -11.000   -90.600     4.310   171.062     1.594    50.938    35.482    33.918    33.630    39.770
   -11.000   -90.600     4.310   171.062     1.594    50.938   -11.000   -86.600     4.474   172.914     0.710    94.626    33.630    39.770    35.482    33.918
   -11.000   -86.800     4.465   172.815     0.738    90.317   -11.000   -91.000     4.294   170.893     1.695    49.092    35.083    33.917    33.160    40.040
   -11.000   -91.000     4.294   170.893     1.695    49.092   -11.000   -86.800     4.465   172.815     0.738    90.317    33.160    40.040    35.083    33.917
   -11.000   -91.400     4.278   170.726     1.796    47.426   -11.000   -87.000     4.457   172.716     0.770    86.347    32.694    40.306    34.684    33.916
   -11.000   -87.000     4.457   172.716     0.770    86.347   -11.000   -91.400     4.278   170.726     1.796    47.426    34.684    33.916    32.694    40.306
   -11.000   -87.200     4.449   172.618     0.805    82.704   -11.000   -91.800     4.261   170.562     1.897    45.910    34.286    33.914    32.230    40.570
   -11.000   -91.800     4.261   170.562     1.897    45.910   -11.000   -87.200     4.449   172.618     0.805    82.704    32.230    40.570    34.286    33.914
   -11.000   -90.200     4.327   171.235     1.494    52.997   -11.000   -88.400     4.400   172.046     1.056    66.487    33.102    38.498    33.913    35.887
   -11.000   -88.400     4.400   172.046     1.056    66.487   -11.000   -90.200     4.327   171.235     1.494    52.997    33.913    35.887    33.102    38.498
   -11.000   -90.600     4.310   171.062     1.594    50.938   -11.000   -88.200     4.409   172.139     1.011    68.637    32.830    38.970    33.907    35.493
   -11.000   -88.200     4.409   172.139     1.011    68.637   -11.000   -90.600     4.310   171.062     1.594    50.938    33.907    35.493    32.830    38.970
   -11.000   -91.000     4.294   170.893     1.695    49.092   -11.000   -88.000     4.417   172.234     0.967    70.978    32.560    39.440    33.901    35.099
   -11.000   -88.000     4.417   172.234     0.967    70.978   -11.000   -91.000     4.294   170.893     1.695    49.092    33.901    35.099    32.560    39.440
   -11.000   -91.400     4.278   170.726     1.796    47.426   -11.000   -87.800     4.425   172.329     0.924    73.530    32.294    39.906    33.896    34.704
   -11.000   -87.800     4.425   172.329     0.924    73.530   -11.000   -91.400     4.278   170.726     1.796    47.426    33.896    34.704    32.294    39.906
   -11.000   -91.800     4.261   170.562     1.897    45.910   -11.000   -87.600     4.433   172.425     0.882    76.319    32.030    40.370    33.892    34.308
   -11.000   -87.600     4.433   172.425     0.882    76.319   -11.000   -91.800     4.261   170.562     1.897    45.910    33.892    34.308    32.030    40.370
   -11.000   -92.200     4.245   170.401     1.998    44.521   -11.000   -87.400     4.441   172.521     0.843    79.369    31.769    40.831    33.889    33.911
   -11.000   -87.400     4.441   172.521     0.843    79.369   -11.000   -92.200     4.245   170.401     1.998    44.521    33.889    33.911    31.769    40.831
   -10.800   -88.600     4.458   170.826     1.542    64.432   -10.800   -88.200     4.475   171.011     1.451    67.477    33.693    38.107    33.878    37.522
   -10.800   -88.200     4.475   171.011     1.451    67.477   -10.800   -88.600     4.458   170.826     1.542    64.432    33.878    37.522    33.693    38.107
   -11.000   -89.200     4.368   171.678     1.246    59.417   -11.000   -89.000     4.376   171.769     1.198    60.987    33.746    37.254    33.836    36.964
   -11.000   -89.000     4.376   171.769     1.198    60.987   -11.000   -89.200     4.368   171.678     1.246    59.417    33.836    36.964    33.746    37.254
   -11.000   -89.600     4.351   171.499     1.344    56.592   -11.000   -88.800     4.384   171.860     1.150    62.679    33.466    37.734    33.828    36.572
   -11.000   -88.800     4.384   171.860     1.150    62.679   -11.000   -89.600     4.351   171.499     1.344    56.592    33.828    36.572    33.466    37.734
   -11.000   -90.000     4.335   171.322     1.444    54.121   -11.000   -88.600     4.392   171.953     1.103    64.506    33.190    38.210    33.820    36.180
   -11.000   -88.600     4.392   171.953     1.103    64.506   -11.000   -90.000     4.335   171.322     1.444    54.121    33.820    36.180    33.190    38.210
   -11.000   -90.800     4.302   170.977     1.645    49.991   -11.000   -86.600     4.474   172.914     0.710    94.626    33.445    39.955    35.382    33.818
   -11.000   -86.600     4.474   172.914     0.710    94.626   -11.000   -90.800     4.302   170.977     1.645    49.991    35.382    33.818    33.445    39.955
   -11.000   -91.200     4.286   170.809     1.746    48.239   -11.000   -86.800     4.465   172.815     0.738    90.317    32.977    40.223    34.983    33.817
   -11.000   -86.800     4.465   172.815     0.738    90.317   -11.000   -91.200     4.286   170.809     1.746    48.239    34.983    33.817    32.977    40.223
   -11.000   -87.000     4.457   172.716     0.770    86.347   -11.000   -91.600     4.270   170.644     1.847    46.651    34.584    33.816    32.511    40.489
   -11.000   -91.600     4.270   170.644     1.847    46.651   -11.000   -87.000     4.457   172.716     0.770    86.347    32.511    40.489    34.584    33.816
   -11.000   -87.200     4.449   172.618     0.805    82.704   -11.000   -92.000     4.253   170.481     1.948    45.201    34.186    33.814    32.049    40.751
   -11.000   -92.000     4.253   170.481     1.948    45.201   -11.000   -87.200     4.449   172.618     0.805    82.704    32.049    40.751    34.186    33.814
   -11.000   -90.400     4.319   171.148     1.544    51.938   -11.000   -88.400     4.400   172.046     1.056    66.487    32.916    38.684    33.813    35.787
   -11.000   -88.400     4.400   172.046     1.056    66.487   -11.000   -90.400     4.319   171.148     1.544    51.938    33.813    35.787    32.916    38.684
   -11.000   -90.800     4.302   170.977     1.645    49.991   -11.000   -88.200     4.409   172.139     1.011    68.637    32.645    39.155    33.807    35.393
   -11.000   -88.200     4.409   172.139     1.011    68.637   -11.000   -90.800     4.302   170.977     1.645    49.991    33.807    35.393    32.645    39.155
   -11.000   -91.200     4.286   170.809     1.746    48.239   -11.000   -88.000     4.417   172.234     0.967    70.978    32.377    39.623    33.801    34.999
   -11.000   -88.000     4.417   172.234     0.967    70.978   -11.000   -91.200     4.286   170.809     1.746    48.239    33.801    34.999    32.377    39.623
   -11.000   -91.600     4.270   170.644     1.847    46.651   -11.000   -87.800     4.425   172.329     0.924    73.530    32.111    40.089    33.796    34.604
   -11.000   -87.800     4.425   172.329     0.924    73.530   -11.000   -91.600     4.270   170.644     1.847    46.651    33.796    34.604    32.111    40.089
   -11.000   -87.600     4.433   172.425     0.882    76.319   -11.000   -92.000     4.253   170.481     1.948    45.201    33.792    34.208    31.849    40.551
   -11.000   -92.000     4.253   170.481     1.948    45.201   -11.000   -87.600     4.433   172.425     0.882    76.319    31.849    40.551    33.792    34.208
   -11.000   -87.400     4.441   172.521     0.843    79.369   -11.000   -92.400     4.237   170.321     2.049    43.868    33.789    33.811    31.589    41.011
   -11.000   -92.400     4.237   170.321     2.049    43.868   -11.000   -87.400     4.441   172.521     0.843    79.369    31.589    41.011    33.789    33.811
   -11.000   -89.400     4.360   171.588     1.295    57.955   -11.000   -89.000     4.376   171.769     1.198    60.987    33.556    37.444    33.736    36.864
   -11.000   -89.000     4.376   171.769     1.198    60.987   -11.000   -89.400     4.360   171.588     1.295    57.955    33.736    36.864    33.556    37.444
   -11.000   -88.800     4.384   171.860     1.150    62.679   -11.000   -89.800     4.343   171.410     1.394    55.317    33.728    36.472    33.278    37.922
   -11.000   -89.800     4.343   171.410     1.394    55.317   -11.000   -88.800     4.384   171.860     1.150    62.679    33.278    37.922    33.728    36.472
   -11.000   -90.200     4.327   171.235     1.494    52.997   -11.000   -88.600     4.392   171.953     1.103    64.506    33.002    38.398    33.720    36.080
   -11.000   -88.600     4.392   171.953     1.103    64.506   -11.000   -90.200     4.327   171.235     1.494    52.997    33.720    36.080    33.002    38.398
   -11.000   -91.000     4.294   170.893     1.695    49.092   -11.000   -86.600     4.474   172.914     0.710    94.626    33.260    40.140    35.282    33.718
   -11.000   -86.600     4.474   172.914     0.710    94.626   -11.000   -91.000     4.294   170.893     1.695    49.092    35.282    33.718    33.260    40.140
   -11.000   -91.400     4.278   170.726     1.796    47.426   -11.000   -86.800     4.465   172.815     0.738    90.317    32.794    40.406    34.883    33.717
   -11.000   -86.800     4.465   172.815     0.738    90.317   -11.000   -91.400     4.278   170.726     1.796    47.426    34.883    33.717    32.794    40.406
   -11.000   -91.800     4.261   170.562     1.897    45.910   -11.000   -87.000     4.457   172.716     0.770    86.347    32.330    40.670    34.484    33.716
   -11.000   -87.000     4.457   172.716     0.770    86.347   -11.000   -91.800     4.261   170.562     1.897    45.910    34.484    33.716    32.330    40.670
   -11.000   -87.200     4.449   172.618     0.805    82.704   -11.000   -92.200     4.245   170.401     1.998    44.521    34.086    33.714    31.869    40.931
   -11.000   -92.200     4.245   170.401     1.998    44.521   -11.000   -87.200     4.449   172.618     0.805    82.704    31.869    40.931    34.086    33.714
   -11.000   -90.600     4.310   171.062     1.594    50.938   -11.000   -88.400     4.400   172.046     1.056    66.487    32.730    38.870    33.713    35.687
   -11.000   -88.400     4.400   172.046     1.056    66.487   -11.000   -90.600     4.310   171.062     1.594    50.938    33.713    35.687    32.730    38.870
   -11.000   -88.200     4.409   172.139     1.011    68.637   -11.000   -91.000     4.294   170.893     1.695    49.092    33.707    35.293    32.460    39.340
   -11.000   -91.000     4.294   170.893     1.695    49.092   -11.000   -88.200     4.409   172.139     1.011    68.637    32.460    39.340    33.707    35.293
   -11.000   -91.400     4.278   170.726     1.796    47.426   -11.000   -88.000     4.417   172.234     0.967    70.978    32.194    39.806    33.701    34.899
   -11.000   -88.000     4.417   172.234     0.967    70.978   -11.000   -91.400     4.278   170.726     1.796    47.426    33.701    34.899    32.194    39.806
   -11.000   -91.800     4.261   170.562     1.897    45.910   -11.000   -87.800     4.425   172.329     0.924    73.530    31.930    40.270    33.696    34.504
   -11.000   -87.800     4.425   172.329     0.924    73.530   -11.000   -91.800     4.261   170.562     1.897    45.910    33.696    34.504    31.930    40.270
   -11.000   -92.200     4.245   170.401     1.998    44.521   -11.000   -87.600     4.433   172.425     0.882    76.319    31.669    40.731    33.692    34.108
   -11.000   -87.600     4.433   172.425     0.882    76.319   -11.000   -92.200     4.245   170.401     1.998    44.521    33.692    34.108    31.669    40.731
   -11.000   -87.400     4.441   172.521     0.843    79.369   -11.000   -92.600     4.229   170.242     2.099    43.240    33.689    33.711    31.410    41.190
   -11.000   -92.600     4.229   170.242     2.099    43.240   -11.000   -87.400     4.441   172.521     0.843    79.369    31.410    41.190    33.689    33.711
   -10.800   -89.000     4.441   170.643     1.635    61.707   -10.800   -88.200     4.475   171.011     1.451    67.477    33.311    38.489    33.678    37.322
   -10.800   -88.200     4.475   171.011     1.451    67.477   -10.800   -89.000     4.441   170.643     1.635    61.707    33.678    37.322    33.311    38.489
   -11.000   -89.600     4.351   171.499     1.344    56.592   -11.000   -89.000     4.376   171.769     1.198    60.987    33.366    37.634    33.636    36.764
   -11.000   -89.000     4.376   171.769     1.198    60.987   -11.000   -89.600     4.351   171.499     1.344    56.592    33.636    36.764    33.366    37.634
   -11.000   -90.000     4.335   171.322     1.444    54.121   -11.000   -88.800     4.384   171.860     1.150    62.679    33.090    38.110    33.628    36.372
   -11.000   -88.800     4.384   171.860     1.150    62.679   -11.000   -90.000     4.335   171.322     1.444    54.121    33.628    36.372    33.090    38.110
   -11.000   -90.400     4.319   171.148     1.544    51.938   -11.000   -88.600     4.392   171.953     1.103    64.506    32.816    38.584    33.620    35.980
   -11.000   -88.600     4.392   171.953     1.103    64.506   -11.000   -90.400     4.319   171.148     1.544    51.938    33.620    35.980    32.816    38.584
   -11.000   -91.200     4.286   170.809     1.746    48.239   -11.000   -86.600     4.474   172.914     0.710    94.626    33.077    40.323    35.182    33.618
   -11.000   -86.600     4.474   172.914     0.710    94.626   -11.000   -91.200     4.286   170.809     1.746    48.239    35.182    33.618    33.077    40.323
   -11.000   -86.800     4.465   172.815     0.738    90.317   -11.000   -91.600     4.270   170.644     1.847    46.651    34.783    33.617    32.611    40.589
   -11.000   -91.600     4.270   170.644     1.847    46.651   -11.000   -86.800     4.465   172.815     0.738    90.317    32.611    40.589    34.783    33.617
   -11.000   -92.000     4.253   170.481     1.948    45.201   -11.000   -87.000     4.457   172.716     0.770    86.347    32.149    40.851    34.384    33.616
   -11.000   -87.000     4.457   172.716     0.770    86.347   -11.000   -92.000     4.253   170.481     1.948    45.201    34.384    33.616    32.149    40.851
   -11.000   -92.400     4.237   170.321     2.049    43.868   -11.000   -87.200     4.449   172.618     0.805    82.704    31.689    41.111    33.986    33.614
   -11.000   -87.200     4.449   172.618     0.805    82.704   -11.000   -92.400     4.237   170.321     2.049    43.868    33.986    33.614    31.689    41.111
   -11.000   -90.800     4.302   170.977     1.645    49.991   -11.000   -88.400     4.400   172.046     1.056    66.487    32.545    39.055    33.613    35.587
   -11.000   -88.400     4.400   172.046     1.056    66.487   -11.000   -90.800     4.302   170.977     1.645    49.991    33.613    35.587    32.545    39.055
   -11.000   -91.200     4.286   170.809     1.746    48.239   -11.000   -88.200     4.409   172.139     1.011    68.637    32.277    39.523    33.607    35.193
   -11.000   -88.200     4.409   172.139     1.011    68.637   -11.000   -91.200     4.286   170.809     1.746    48.239    33.607    35.193    32.277    39.523
   -11.000   -91.600     4.270   170.644     1.847    46.651   -11.000   -88.000     4.417   172.234     0.967    70.978    32.011    39.989    33.601    34.799
   -11.000   -88.000     4.417   172.234     0.967    70.978   -11.000   -91.600     4.270   170.644     1.847    46.651    33.601    34.799    32.011    39.989
   -11.000   -92.000     4.253   170.481     1.948    45.201   -11.000   -87.800     4.425   172.329     0.924    73.530    31.749    40.451    33.596    34.404
   -11.000   -87.800     4.425   172.329     0.924    73.530   -11.000   -92.000     4.253   170.481     1.948    45.201    33.596    34.404    31.749    40.451
   -11.000   -92.400     4.237   170.321     2.049    43.868   -11.000   -87.600     4.433   172.425     0.882    76.319    31.489    40.911    33.592    34.008
   -11.000   -87.600     4.433   172.425     0.882    76.319   -11.000   -92.400     4.237   170.321     2.049    43.868    33.592    34.008    31.489    40.911
   -11.000   -92.800     4.220   170.164     2.149    42.636   -11.000   -87.400     4.441   172.521     0.843    79.369    31.232    41.368    33.589    33.611
   -11.000   -87.400     4.441   172.521     0.843    79.369   -11.000   -92.800     4.220   170.164     2.149    42.636    33.589    33.611    31.232    41.368
   -11.000   -89.400     4.360   171.588     1.295    57.955   -11.000   -89.200     4.368   171.678     1.246    59.417    33.456    37.344    33.546    37.054
   -11.000   -89.200     4.368   171.678     1.246    59.417   -11.000   -89.400     4.360   171.588     1.295    57.955    33.546    37.054    33.456    37.344
   -11.000   -89.800     4.343   171.410     1.394    55.317   -11.000   -89.000     4.376   171.769     1.198    60.987    33.178    37.822    33.536    36.664
   -11.000   -89.000     4.376   171.769     1.198    60.987   -11.000   -89.800     4.343   171.410     1.394    55.317    33.536    36.664    33.178    37.822
   -11.000   -90.200     4.327   171.235     1.494    52.997   -11.000   -88.800     4.384   171.860     1.150    62.679    32.902    38.298    33.528    36.272
   -11.000   -88.800     4.384   171.860     1.150    62.679   -11.000   -90.200     4.327   171.235     1.494    52.997    33.528    36.272    32.902    38.298
   -11.000   -90.600     4.310   171.062     1.594    50.938   -11.000   -88.600     4.392   171.953     1.103    64.506    32.630    38.770    33.520    35.880
   -11.000   -88.600     4.392   171.953     1.103    64.506   -11.000   -90.600     4.310   171.062     1.594    50.938    33.520    35.880    32.630    38.770
   -11.000   -91.400     4.278   170.726     1.796    47.426   -11.000   -86.600     4.474   172.914     0.710    94.626    32.894    40.506    35.082    33.518
   -11.000   -86.600     4.474   172.914     0.710    94.626   -11.000   -91.400     4.278   170.726     1.796    47.426    35.082    33.518    32.894    40.506
   -11.000   -86.800     4.465   172.815     0.738    90.317   -11.000   -91.800     4.261   170.562     1.897    45.910    34.683    33.517    32.430    40.770
   -11.000   -91.800     4.261   170.562     1.897    45.910   -11.000   -86.800     4.465   172.815     0.738    90.317    32.430    40.770    34.683    33.517
   -11.000   -92.200     4.245   170.401     1.998    44.521   -11.000   -87.000     4.457   172.716     0.770    86.347    31.969    41.031    34.284    33.516
   -11.000   -87.000     4.457   172.716     0.770    86.347   -11.000   -92.200     4.245   170.401     1.998    44.521    34.284    33.516    31.969    41.031
   -11.000   -92.600     4.229   170.242     2.099    43.240   -11.000   -87.200     4.449   172.618     0.805    82.704    31.510    41.290    33.886    33.514
   -11.000   -87.200     4.449   172.618     0.805    82.704   -11.000   -92.600     4.229   170.242     2.099    43.240    33.886    33.514    31.510    41.290
   -11.000   -88.400     4.400   172.046     1.056    66.487   -11.000   -91.000     4.294   170.893     1.695    49.092    33.513    35.487    32.360    39.240
   -11.000   -91.000     4.294   170.893     1.695    49.092   -11.000   -88.400     4.400   172.046     1.056    66.487    32.360    39.240    33.513    35.487
   -11.000   -91.400     4.278   170.726     1.796    47.426   -11.000   -88.200     4.409   172.139     1.011    68.637    32.094    39.706    33.507    35.093
   -11.000   -88.200     4.409   172.139     1.011    68.637   -11.000   -91.400     4.278   170.726     1.796    47.426    33.507    35.093    32.094    39.706
   -11.000   -91.800     4.261   170.562     1.897    45.910   -11.000   -88.000     4.417   172.234     0.967    70.978    31.830    40.170    33.501    34.699
   -11.000   -88.000     4.417   172.234     0.967    70.978   -11.000   -91.800     4.261   170.562     1.897    45.910    33.501    34.699    31.830    40.170
   -11.000   -92.200     4.245   170.401     1.998    44.521   -11.000   -87.800     4.425   172.329     0.924    73.530    31.569    40.631    33.496    34.304
   -11.000   -87.800     4.425   172.329     0.924    73.530   -11.000   -92.200     4.245   170.401     1.998    44.521    33.496    34.304    31.569    40.631
   -11.000   -92.600     4.229   170.242     2.099    43.240   -11.000   -87.600     4.433   172.425     0.882    76.319    31.310    41.090    33.492    33.908
   -11.000   -87.600     4.433   172.425     0.882    76.319   -11.000   -92.600     4.229   170.242     2.099    43.240    33.492    33.908    31.310    41.090
   -11.000   -89.600     4.351   171.499     1.344    56.592   -11.000   -89.200     4.368   171.678     1.246    59.417    33.266    37.534    33.446    36.954
   -11.000   -89.200     4.368   171.678     1.246    59.417   -11.000   -89.600     4.351   171.499     1.344    56.592    33.446    36.954    33.266    37.534
   -11.000   -90.000     4.335   171.322     1.444    54.121   -11.000   -89.000     4.376   171.769     1.198    60.987    32.990    38.010    33.436    36.564
   -11.000   -89.000     4.376   171.769     1.198    60.987   -11.000   -90.000     4.335   171.322     1.444    54.121    33.436    36.564    32.990    38.010
   -11.000   -90.400     4.319   171.148     1.544    51.938   -11.000   -88.800     4.384   171.860     1.150    62.679    32.716    38.484    33.428    36.172
   -11.000   -88.800     4.384   171.860     1.150    62.679   -11.000   -90.400     4.319   171.148     1.544    51.938    33.428    36.172    32.716    38.484
   -11.000   -88.600     4.392   171.953     1.103    64.506   -11.000   -90.800     4.302   170.977     1.645    49.991    33.420    35.780    32.445    38.955
   -11.000   -90.800     4.302   170.977     1.645    49.991   -11.000   -88.600     4.392   171.953     1.103    64.506    32.445    38.955    33.420    35.780
   -11.000   -91.600     4.270   170.644     1.847    46.651   -11.000   -86.600     4.474   172.914     0.710    94.626    32.711    40.689    34.982    33.418
   -11.000   -86.600     4.474   172.914     0.710    94.626   -11.000   -91.600     4.270   170.644     1.847    46.651    34.982    33.418    32.711    40.689
   -11.000   -92.000     4.253   170.481     1.948    45.201   -11.000   -86.800     4.465   172.815     0.738    90.317    32.249    40.951    34.583    33.417
   -11.000   -86.800     4.465   172.815     0.738    90.317   -11.000   -92.000     4.253   170.481     1.948    45.201    34.583    33.417    32.249    40.951
   -11.000   -87.000     4.457   172.716     0.770    86.347   -11.000   -92.400     4.237   170.321     2.049    43.868    34.184    33.416    31.789    41.211
   -11.000   -92.400     4.237   170.321     2.049    43.868   -11.000   -87.000     4.457   172.716     0.770    86.347    31.789    41.211    34.184    33.416
   -11.000   -92.800     4.220   170.164     2.149    42.636   -11.000   -87.200     4.449   172.618     0.805    82.704    31.332    41.468    33.786    33.414
   -11.000   -87.200     4.449   172.618     0.805    82.704   -11.000   -92.800     4.220   170.164     2.149    42.636    33.786    33.414    31.332    41.468
   -11.000   -91.200     4.286   170.809     1.746    48.239   -11.000   -88.400     4.400   172.046     1.056    66.487    32.177    39.423    33.413    35.387
   -11.000   -88.400     4.400   172.046     1.056    66.487   -11.000   -91.200     4.286   170.809     1.746    48.239    33.413    35.387    32.177    39.423
   -11.000   -88.200     4.409   172.139     1.011    68.637   -11.000   -91.600     4.270   170.644     1.847    46.651    33.407    34.993    31.911    39.889
   -11.000   -91.600     4.270   170.644     1.847    46.651   -11.000   -88.200     4.409   172.139     1.011    68.637    31.911    39.889    33.407    34.993
   -11.000   -92.000     4.253   170.481     1.948    45.201   -11.000   -88.000     4.417   172.234     0.967    70.978    31.649    40.351    33.401    34.599
   -11.000   -88.000     4.417   172.234     0.967    70.978   -11.000   -92.000     4.253   170.481     1.948    45.201    33.401    34.599    31.649    40.351
   -11.000   -92.400     4.237   170.321     2.049    43.868   -11.000   -87.800     4.425   172.329     0.924    73.530    31.389    40.811    33.396    34.204
   -11.000   -87.800     4.425   172.329     0.924    73.530   -11.000   -92.400     4.237   170.321     2.049    43.868    33.396    34.204    31.389    40.811
   -11.000   -92.800     4.220   170.164     2.149    42.636   -11.000   -87.600     4.433   172.425     0.882    76.319    31.132    41.268    33.392    33.808
   -11.000   -87.600     4.433   172.425     0.882    76.319   -11.000   -92.800     4.220   170.164     2.149    42.636    33.392    33.808    31.132    41.268
   -11.000   -89.800     4.343   171.410     1.394    55.317   -11.000   -89.200     4.368   171.678     1.246    59.417    33.078    37.722    33.346    36.854
   -11.000   -89.200     4.368   171.678     1.246    59.417   -11.000   -89.800     4.343   171.410     1.394    55.317    33.346    36.854    33.078    37.722
   -11.000   -90.200     4.327   171.235     1.494    52.997   -11.000   -89.000     4.376   171.769     1.198    60.987    32.802    38.198    33.336    36.464
   -11.000   -89.000     4.376   171.769     1.198    60.987   -11.000   -90.200     4.327   171.235     1.494    52.997    33.336    36.464    32.802    38.198
   -11.000   -90.600     4.310   171.062     1.594    50.938   -11.000   -88.800     4.384   171.860     1.150    62.679    32.530    38.670    33.328    36.072
   -11.000   -88.800     4.384   171.860     1.150    62.679   -11.000   -90.600     4.310   171.062     1.594    50.938    33.328    36.072    32.530    38.670
   -11.000   -88.600     4.392   171.953     1.103    64.506   -11.000   -91.000     4.294   170.893     1.695    49.092    33.320    35.680    32.260    39.140
   -11.000   -91.000     4.294   170.893     1.695    49.092   -11.000   -88.600     4.392   171.953     1.103    64.506    32.260    39.140    33.320    35.680
   -11.000   -91.800     4.261   170.562     1.897    45.910   -11.000   -86.600     4.474   172.914     0.710    94.626    32.530    40.870    34.882    33.318
   -11.000   -86.600     4.474   172.914     0.710    94.626   -11.000   -91.800     4.261   170.562     1.897    45.910    34.882    33.318    32.530    40.870
   -11.000   -92.200     4.245   170.401     1.998    44.521   -11.000   -86.800     4.465   172.815     0.738    90.317    32.069    41.131    34.483    33.317
   -11.000   -86.800     4.465   172.815     0.738    90.317   -11.000   -92.200     4.245   170.401     1.998    44.521    34.483    33.317    32.069    41.131
   -11.000   -92.600     4.229   170.242     2.099    43.240   -11.000   -87.000     4.457   172.716     0.770    86.347    31.610    41.390    34.084    33.316
   -11.000   -87.000     4.457   172.716     0.770    86.347   -11.000   -92.600     4.229   170.242     2.099    43.240    34.084    33.316    31.610    41.390
   -11.000   -91.400     4.278   170.726     1.796    47.426   -11.000   -88.400     4.400   172.046     1.056    66.487    31.994    39.606    33.313    35.287
   -11.000   -88.400     4.400   172.046     1.056    66.487   -11.000   -91.400     4.278   170.726     1.796    47.426    33.313    35.287    31.994    39.606
   -11.000   -91.800     4.261   170.562     1.897    45.910   -11.000   -88.200     4.409   172.139     1.011    68.637    31.730    40.070    33.307    34.893
   -11.000   -88.200     4.409   172.139     1.011    68.637   -11.000   -91.800     4.261   170.562     1.897    45.910    33.307    34.893    31.730    40.070
   -11.000   -92.200     4.245   170.401     1.998    44.521   -11.000   -88.000     4.417   172.234     0.967    70.978    31.469    40.531    33.301    34.499
   -11.000   -88.000     4.417   172.234     0.967    70.978   -11.000   -92.200     4.245   170.401     1.998    44.521    33.301    34.499    31.469    40.531
   -11.000   -92.600     4.229   170.242     2.099    43.240   -11.000   -87.800     4.425   172.329     0.924    73.530    31.210    40.990    33.296    34.104
   -11.000   -87.800     4.425   172.329     0.924    73.530   -11.000   -92.600     4.229   170.242     2.099    43.240    33.296    34.104    31.210    40.990
   -10.800   -89.000     4.441   170.643     1.635    61.707   -10.800   -88.600     4.458   170.826     1.542    64.432    33.111    38.289    33.293    37.707
   -10.800   -88.600     4.458   170.826     1.542    64.432   -10.800   -89.000     4.441   170.643     1.635    61.707    33.293    37.707    33.111    38.289
   -11.000   -89.600     4.351   171.499     1.344    56.592   -11.000   -89.400     4.360   171.588     1.295    57.955    33.166    37.434    33.256    37.144
   -11.000   -89.400     4.360   171.588     1.295    57.955   -11.000   -89.600     4.351   171.499     1.344    56.592    33.256    37.144    33.166    37.434
   -11.000   -90.000     4.335   171.322     1.444    54.121   -11.000   -89.200     4.368   171.678     1.246    59.417    32.890    37.910    33.246    36.754
   -11.000   -89.200     4.368   171.678     1.246    59.417   -11.000   -90.000     4.335   171.322     1.444    54.121    33.246    36.754    32.890    37.910
   -11.000   -90.400     4.319   171.148     1.544    51.938   -11.000   -89.000     4.376   171.769     1.198    60.987    32.616    38.384    33.236    36.364
   -11.000   -89.000     4.376   171.769     1.198    60.987   -11.000   -90.400     4.319   171.148     1.544    51.938    33.236    36.364    32.616    38.384
   -11.000   -90.800     4.302   170.977     1.645    49.991   -11.000   -88.800     4.384   171.860     1.150    62.679    32.345    38.855    33.228    35.972
   -11.000   -88.800     4.384   171.860     1.150    62.679   -11.000   -90.800     4.302   170.977     1.645    49.991    33.228    35.972    32.345    38.855
   -11.000   -91.200     4.286   170.809     1.746    48.239   -11.000   -88.600     4.392   171.953     1.103    64.506    32.077    39.323    33.220    35.580
   -11.000   -88.600     4.392   171.953     1.103    64.506   -11.000   -91.200     4.286   170.809     1.746    48.239    33.220    35.580    32.077    39.323
   -11.000   -86.600     4.474   172.914     0.710    94.626   -11.000   -92.000     4.253   170.481     1.948    45.201    34.782    33.218    32.349    41.051
   -11.000   -92.000     4.253   170.481     1.948    45.201   -11.000   -86.600     4.474   172.914     0.710    94.626    32.349    41.051    34.782    33.218
   -11.000   -86.800     4.465   172.815     0.738    90.317   -11.000   -92.400     4.237   170.321     2.049    43.868    34.383    33.217    31.889    41.311
   -11.000   -92.400     4.237   170.321     2.049    43.868   -11.000   -86.800     4.465   172.815     0.738    90.317    31.889    41.311    34.383    33.217
   -11.000   -87.000     4.457   172.716     0.770    86.347   -11.000   -92.800     4.220   170.164     2.149    42.636    33.984    33.216    31.432    41.568
   -11.000   -92.800     4.220   170.164     2.149    42.636   -11.000   -87.000     4.457   172.716     0.770    86.347    31.432    41.568    33.984    33.216
   -11.000   -91.600     4.270   170.644     1.847    46.651   -11.000   -88.400     4.400   172.046     1.056    66.487    31.811    39.789    33.213    35.187
   -11.000   -88.400     4.400   172.046     1.056    66.487   -11.000   -91.600     4.270   170.644     1.847    46.651    33.213    35.187    31.811    39.789
   -11.000   -88.200     4.409   172.139     1.011    68.637   -11.000   -92.000     4.253   170.481     1.948    45.201    33.207    34.793    31.549    40.251
   -11.000   -92.000     4.253   170.481     1.948    45.201   -11.000   -88.200     4.409   172.139     1.011    68.637    31.549    40.251    33.207    34.793
   -11.000   -92.400     4.237   170.321     2.049    43.868   -11.000   -88.000     4.417   172.234     0.967    70.978    31.289    40.711    33.201    34.399
   -11.000   -88.000     4.417   172.234     0.967    70.978   -11.000   -92.400     4.237   170.321     2.049    43.868    33.201    34.399    31.289    40.711
   -11.000   -92.800     4.220   170.164     2.149    42.636   -11.000   -87.800     4.425   172.329     0.924    73.530    31.032    41.168    33.196    34.004
   -11.000   -87.800     4.425   172.329     0.924    73.530   -11.000   -92.800     4.220   170.164     2.149    42.636    33.196    34.004    31.032    41.168
   -11.000   -89.800     4.343   171.410     1.394    55.317   -11.000   -89.400     4.360   171.588     1.295    57.955    32.978    37.622    33.156    37.044
   -11.000   -89.400     4.360   171.588     1.295    57.955   -11.000   -89.800     4.343   171.410     1.394    55.317    33.156    37.044    32.978    37.622
   -11.000   -89.200     4.368   171.678     1.246    59.417   -11.000   -90.200     4.327   171.235     1.494    52.997    33.146    36.654    32.702    38.098
   -11.000   -90.200     4.327   171.235     1.494    52.997   -11.000   -89.200     4.368   171.678     1.246    59.417    32.702    38.098    33.146    36.654
   -11.000   -90.600     4.310   171.062     1.594    50.938   -11.000   -89.000     4.376   171.769     1.198    60.987    32.430    38.570    33.136    36.264
   -11.000   -89.000     4.376   171.769     1.198    60.987   -11.000   -90.600     4.310   171.062     1.594    50.938    33.136    36.264    32.430    38.570
   -11.000   -91.000     4.294   170.893     1.695    49.092   -11.000   -88.800     4.384   171.860     1.150    62.679    32.160    39.040    33.128    35.872
   -11.000   -88.800     4.384   171.860     1.150    62.679   -11.000   -91.000     4.294   170.893     1.695    49.092    33.128    35.872    32.160    39.040
   -11.000   -91.400     4.278   170.726     1.796    47.426   -11.000   -88.600     4.392   171.953     1.103    64.506    31.894    39.506    33.120    35.480
   -11.000   -88.600     4.392   171.953     1.103    64.506   -11.000   -91.400     4.278   170.726     1.796    47.426    33.120    35.480    31.894    39.506
   -11.000   -86.600     4.474   172.914     0.710    94.626   -11.000   -92.200     4.245   170.401     1.998    44.521    34.682    33.118    32.169    41.231
   -11.000   -92.200     4.245   170.401     1.998    44.521   -11.000   -86.600     4.474   172.914     0.710    94.626    32.169    41.231    34.682    33.118
   -11.000   -86.800     4.465   172.815     0.738    90.317   -11.000   -92.600     4.229   170.242     2.099    43.240    34.283    33.117    31.710    41.490
   -11.000   -92.600     4.229   170.242     2.099    43.240   -11.000   -86.800     4.465   172.815     0.738    90.317    31.710    41.490    34.283    33.117
   -11.000   -88.400     4.400   172.046     1.056    66.487   -11.000   -91.800     4.261   170.562     1.897    45.910    33.113    35.087    31.630    39.970
   -11.000   -91.800     4.261   170.562     1.897    45.910   -11.000   -88.400     4.400   172.046     1.056    66.487    31.630    39.970    33.113    35.087
   -11.000   -92.200     4.245   170.401     1.998    44.521   -11.000   -88.200     4.409   172.139     1.011    68.637    31.369    40.431    33.107    34.693
   -11.000   -88.200     4.409   172.139     1.011    68.637   -11.000   -92.200     4.245   170.401     1.998    44.521    33.107    34.693    31.369    40.431
   -11.000   -92.600     4.229   170.242     2.099    43.240   -11.000   -88.000     4.417   172.234     0.967    70.978    31.110    40.890    33.101    34.299
   -11.000   -88.000     4.417   172.234     0.967    70.978   -11.000   -92.600     4.229   170.242     2.099    43.240    33.101    34.299    31.110    40.890
   -11.000   -89.400     4.360   171.588     1.295    57.955   -11.000   -90.000     4.335   171.322     1.444    54.121    33.056    36.944    32.790    37.810
   -11.000   -90.000     4.335   171.322     1.444    54.121   -11.000   -89.400     4.360   171.588     1.295    57.955    32.790    37.810    33.056    36.944
   -11.000   -90.400     4.319   171.148     1.544    51.938   -11.000   -89.200     4.368   171.678     1.246    59.417    32.516    38.284    33.046    36.554
   -11.000   -89.200     4.368   171.678     1.246    59.417   -11.000   -90.400     4.319   171.148     1.544    51.938    33.046    36.554    32.516    38.284
   -11.000   -90.800     4.302   170.977     1.645    49.991   -11.000   -89.000     4.376   171.769     1.198    60.987    32.245    38.755    33.036    36.164
   -11.000   -89.000     4.376   171.769     1.198    60.987   -11.000   -90.800     4.302   170.977     1.645    49.991    33.036    36.164    32.245    38.755
   -11.000   -91.200     4.286   170.809     1.746    48.239   -11.000   -88.800     4.384   171.860     1.150    62.679    31.977    39.223    33.028    35.772
   -11.000   -88.800     4.384   171.860     1.150    62.679   -11.000   -91.200     4.286   170.809     1.746    48.239    33.028    35.772    31.977    39.223
   -11.000   -88.600     4.392   171.953     1.103    64.506   -11.000   -91.600     4.270   170.644     1.847    46.651    33.020    35.380    31.711    39.689
   -11.000   -91.600     4.270   170.644     1.847    46.651   -11.000   -88.600     4.392   171.953     1.103    64.506    31.711    39.689    33.020    35.380
   -11.000   -92.400     4.237   170.321     2.049    43.868   -11.000   -86.600     4.474   172.914     0.710    94.626    31.989    41.411    34.582    33.018
   -11.000   -86.600     4.474   172.914     0.710    94.626   -11.000   -92.400     4.237   170.321     2.049    43.868    34.582    33.018    31.989    41.411
   -11.000   -86.800     4.465   172.815     0.738    90.317   -11.000   -92.800     4.220   170.164     2.149    42.636    34.183    33.017    31.532    41.668
   -11.000   -92.800     4.220   170.164     2.149    42.636   -11.000   -86.800     4.465   172.815     0.738    90.317    31.532    41.668    34.183    33.017
   -11.000   -92.000     4.253   170.481     1.948    45.201   -11.000   -88.400     4.400   172.046     1.056    66.487    31.449    40.151    33.013    34.987
   -11.000   -88.400     4.400   172.046     1.056    66.487   -11.000   -92.000     4.253   170.481     1.948    45.201    33.013    34.987    31.449    40.151
   -11.000   -92.400     4.237   170.321     2.049    43.868   -11.000   -88.200     4.409   172.139     1.011    68.637    31.189    40.611    33.007    34.593
   -11.000   -88.200     4.409   172.139     1.011    68.637   -11.000   -92.400     4.237   170.321     2.049    43.868    33.007    34.593    31.189    40.611
   -11.000   -88.000     4.417   172.234     0.967    70.978   -11.000   -92.800     4.220   170.164     2.149    42.636    33.001    34.199    30.932    41.068
   -11.000   -92.800     4.220   170.164     2.149    42.636   -11.000   -88.000     4.417   172.234     0.967    70.978    30.932    41.068    33.001    34.199
   -11.000   -89.600     4.351   171.499     1.344    56.592   -11.000   -89.800     4.343   171.410     1.394    55.317    32.966    37.234    32.878    37.522
   -11.000   -89.800     4.343   171.410     1.394    55.317   -11.000   -89.600     4.351   171.499     1.344    56.592    32.878    37.522    32.966    37.234
   -11.000   -90.200     4.327   171.235     1.494    52.997   -11.000   -89.400     4.360   171.588     1.295    57.955    32.602    37.998    32.956    36.844
   -11.000   -89.400     4.360   171.588     1.295    57.955   -11.000   -90.200     4.327   171.235     1.494    52.997    32.956    36.844    32.602    37.998
   -11.000   -90.600     4.310   171.062     1.594    50.938   -11.000   -89.200     4.368   171.678     1.246    59.417    32.330    38.470    32.946    36.454
   -11.000   -89.200     4.368   171.678     1.246    59.417   -11.000   -90.600     4.310   171.062     1.594    50.938    32.946    36.454    32.330    38.470
   -11.000   -91.000     4.294   170.893     1.695    49.092   -11.000   -89.000     4.376   171.769     1.198    60.987    32.060    38.940    32.936    36.064
   -11.000   -89.000     4.376   171.769     1.198    60.987   -11.000   -91.000     4.294   170.893     1.695    49.092    32.936    36.064    32.060    38.940
   -11.000   -88.800     4.384   171.860     1.150    62.679   -11.000   -91.400     4.278   170.726     1.796    47.426    32.928    35.672    31.794    39.406
   -11.000   -91.400     4.278   170.726     1.796    47.426   -11.000   -88.800     4.384   171.860     1.150    62.679    31.794    39.406    32.928    35.672
   -11.000   -88.600     4.392   171.953     1.103    64.506   -11.000   -91.800     4.261   170.562     1.897    45.910    32.920    35.280    31.530    39.870
   -11.000   -91.800     4.261   170.562     1.897    45.910   -11.000   -88.600     4.392   171.953     1.103    64.506    31.530    39.870    32.920    35.280
   -11.000   -92.600     4.229   170.242     2.099    43.240   -11.000   -86.600     4.474   172.914     0.710    94.626    31.810    41.590    34.482    32.918
   -11.000   -86.600     4.474   172.914     0.710    94.626   -11.000   -92.600     4.229   170.242     2.099    43.240    34.482    32.918    31.810    41.590
   -11.000   -92.200     4.245   170.401     1.998    44.521   -11.000   -88.400     4.400   172.046     1.056    66.487    31.269    40.331    32.913    34.887
   -11.000   -88.400     4.400   172.046     1.056    66.487   -11.000   -92.200     4.245   170.401     1.998    44.521    32.913    34.887    31.269    40.331
   -11.000   -92.600     4.229   170.242     2.099    43.240   -11.000   -88.200     4.409   172.139     1.011    68.637    31.010    40.790    32.907    34.493
   -11.000   -88.200     4.409   172.139     1.011    68.637   -11.000   -92.600     4.229   170.242     2.099    43.240    32.907    34.493    31.010    40.790
   -11.000   -90.000     4.335   171.322     1.444    54.121   -11.000   -89.600     4.351   171.499     1.344    56.592    32.690    37.710    32.866    37.134
   -11.000   -89.600     4.351   171.499     1.344    56.592   -11.000   -90.000     4.335   171.322     1.444    54.121    32.866    37.134    32.690    37.710
   -11.000   -90.400     4.319   171.148     1.544    51.938   -11.000   -89.400     4.360   171.588     1.295    57.955    32.416    38.184    32.856    36.744
   -11.000   -89.400     4.360   171.588     1.295    57.955   -11.000   -90.400     4.319   171.148     1.544    51.938    32.856    36.744    32.416    38.184
   -11.000   -90.800     4.302   170.977     1.645    49.991   -11.000   -89.200     4.368   171.678     1.246    59.417    32.145    38.655    32.846    36.354
   -11.000   -89.200     4.368   171.678     1.246    59.417   -11.000   -90.800     4.302   170.977     1.645    49.991    32.846    36.354    32.145    38.655
   -11.000   -91.200     4.286   170.809     1.746    48.239   -11.000   -89.000     4.376   171.769     1.198    60.987    31.877    39.123    32.836    35.964
   -11.000   -89.000     4.376   171.769     1.198    60.987   -11.000   -91.200     4.286   170.809     1.746    48.239    32.836    35.964    31.877    39.123
   -11.000   -88.800     4.384   171.860     1.150    62.679   -11.000   -91.600     4.270   170.644     1.847    46.651    32.828    35.572    31.611    39.589
   -11.000   -91.600     4.270   170.644     1.847    46.651   -11.000   -88.800     4.384   171.860     1.150    62.679    31.611    39.589    32.828    35.572
   -11.000   -92.000     4.253   170.481     1.948    45.201   -11.000   -88.600     4.392   171.953     1.103    64.506    31.349    40.051    32.820    35.180
   -11.000   -88.600     4.392   171.953     1.103    64.506   -11.000   -92.000     4.253   170.481     1.948    45.201    32.820    35.180    31.349    40.051
   -11.000   -86.600     4.474   172.914     0.710    94.626   -11.000   -92.800     4.220   170.164     2.149    42.636    34.382    32.818    31.632    41.768
   -11.000   -92.800     4.220   170.164     2.149    42.636   -11.000   -86.600     4.474   172.914     0.710    94.626    31.632    41.768    34.382    32.818
   -11.000   -92.400     4.237   170.321     2.049    43.868   -11.000   -88.400     4.400   172.046     1.056    66.487    31.089    40.511    32.813    34.787
   -11.000   -88.400     4.400   172.046     1.056    66.487   -11.000   -92.400     4.237   170.321     2.049    43.868    32.813    34.787    31.089    40.511
   -11.000   -92.800     4.220   170.164     2.149    42.636   -11.000   -88.200     4.409   172.139     1.011    68.637    30.832    40.968    32.807    34.393
   -11.000   -88.200     4.409   172.139     1.011    68.637   -11.000   -92.800     4.220   170.164     2.149    42.636    32.807    34.393    30.832    40.968
   -11.000   -90.200     4.327   171.235     1.494    52.997   -11.000   -89.600     4.351   171.499     1.344    56.592    32.502    37.898    32.766    37.034
   -11.000   -89.600     4.351   171.499     1.344    56.592   -11.000   -90.200     4.327   171.235     1.494    52.997    32.766    37.034    32.502    37.898
   -11.000   -90.600     4.310   171.062     1.594    50.938   -11.000   -89.400     4.360   171.588     1.295    57.955    32.230    38.370    32.756    36.644
   -11.000   -89.400     4.360   171.588     1.295    57.955   -11.000   -90.600     4.310   171.062     1.594    50.938    32.756    36.644    32.230    38.370
   -11.000   -91.000     4.294   170.893     1.695    49.092   -11.000   -89.200     4.368   171.678     1.246    59.417    31.960    38.840    32.746    36.254
   -11.000   -89.200     4.368   171.678     1.246    59.417   -11.000   -91.000     4.294   170.893     1.695    49.092    32.746    36.254    31.960    38.840
   -11.000   -91.400     4.278   170.726     1.796    47.426   -11.000   -89.000     4.376   171.769     1.198    60.987    31.694    39.306    32.736    35.864
   -11.000   -89.000     4.376   171.769     1.198    60.987   -11.000   -91.400     4.278   170.726     1.796    47.426    32.736    35.864    31.694    39.306
   -11.000   -91.800     4.261   170.562     1.897    45.910   -11.000   -88.800     4.384   171.860     1.150    62.679    31.430    39.770    32.728    35.472
   -11.000   -88.800     4.384   171.860     1.150    62.679   -11.000   -91.800     4.261   170.562     1.897    45.910    32.728    35.472    31.430    39.770
   -11.000   -92.200     4.245   170.401     1.998    44.521   -11.000   -88.600     4.392   171.953     1.103    64.506    31.169    40.231    32.720    35.080
   -11.000   -88.600     4.392   171.953     1.103    64.506   -11.000   -92.200     4.245   170.401     1.998    44.521    32.720    35.080    31.169    40.231
   -11.000   -92.600     4.229   170.242     2.099    43.240   -11.000   -88.400     4.400   172.046     1.056    66.487    30.910    40.690    32.713    34.687
   -11.000   -88.400     4.400   172.046     1.056    66.487   -11.000   -92.600     4.229   170.242     2.099    43.240    32.713    34.687    30.910    40.690
   -11.000   -90.000     4.335   171.322     1.444    54.121   -11.000   -89.800     4.343   171.410     1.394    55.317    32.590    37.610    32.678    37.322
   -11.000   -89.800     4.343   171.410     1.394    55.317   -11.000   -90.000     4.335   171.322     1.444    54.121    32.678    37.322    32.590    37.610
   -11.000   -89.600     4.351   171.499     1.344    56.592   -11.000   -90.400     4.319   171.148     1.544    51.938    32.666    36.934    32.316    38.084
   -11.000   -90.400     4.319   171.148     1.544    51.938   -11.000   -89.600     4.351   171.499     1.344    56.592    32.316    38.084    32.666    36.934
   -11.000   -90.800     4.302   170.977     1.645    49.991   -11.000   -89.400     4.360   171.588     1.295    57.955    32.045    38.555    32.656    36.544
   -11.000   -89.400     4.360   171.588     1.295    57.955   -11.000   -90.800     4.302   170.977     1.645    49.991    32.656    36.544    32.045    38.555
   -11.000   -91.200     4.286   170.809     1.746    48.239   -11.000   -89.200     4.368   171.678     1.246    59.417    31.777    39.023    32.646    36.154
   -11.000   -89.200     4.368   171.678     1.246    59.417   -11.000   -91.200     4.286   170.809     1.746    48.239    32.646    36.154    31.777    39.023
   -11.000   -91.600     4.270   170.644     1.847    46.651   -11.000   -89.000     4.376   171.769     1.198    60.987    31.511    39.489    32.636    35.764
   -11.000   -89.000     4.376   171.769     1.198    60.987   -11.000   -91.600     4.270   170.644     1.847    46.651    32.636    35.764    31.511    39.489
   -11.000   -92.000     4.253   170.481     1.948    45.201   -11.000   -88.800     4.384   171.860     1.150    62.679    31.249    39.951    32.628    35.372
   -11.000   -88.800     4.384   171.860     1.150    62.679   -11.000   -92.000     4.253   170.481     1.948    45.201    32.628    35.372    31.249    39.951
   -11.000   -88.600     4.392   171.953     1.103    64.506   -11.000   -92.400     4.237   170.321     2.049    43.868    32.620    34.980    30.989    40.411
   -11.000   -92.400     4.237   170.321     2.049    43.868   -11.000   -88.600     4.392   171.953     1.103    64.506    30.989    40.411    32.620    34.980
   -11.000   -92.800     4.220   170.164     2.149    42.636   -11.000   -88.400     4.400   172.046     1.056    66.487    30.732    40.868    32.613    34.587
   -11.000   -88.400     4.400   172.046     1.056    66.487   -11.000   -92.800     4.220   170.164     2.149    42.636    32.613    34.587    30.732    40.868
   -11.000   -90.200     4.327   171.235     1.494    52.997   -11.000   -89.800     4.343   171.410     1.394    55.317    32.402    37.798    32.578    37.222
   -11.000   -89.800     4.343   171.410     1.394    55.317   -11.000   -90.200     4.327   171.235     1.494    52.997    32.578    37.222    32.402    37.798
   -11.000   -90.600     4.310   171.062     1.594    50.938   -11.000   -89.600     4.351   171.499     1.344    56.592    32.130    38.270    32.566    36.834
   -11.000   -89.600     4.351   171.499     1.344    56.592   -11.000   -90.600     4.310   171.062     1.594    50.938    32.566    36.834    32.130    38.270
   -11.000   -91.000     4.294   170.893     1.695    49.092   -11.000   -89.400     4.360   171.588     1.295    57.955    31.860    38.740    32.556    36.444
   -11.000   -89.400     4.360   171.588     1.295    57.955   -11.000   -91.000     4.294   170.893     1.695    49.092    32.556    36.444    31.860    38.740
   -11.000   -91.400     4.278   170.726     1.796    47.426   -11.000   -89.200     4.368   171.678     1.246    59.417    31.594    39.206    32.546    36.054
   -11.000   -89.200     4.368   171.678     1.246    59.417   -11.000   -91.400     4.278   170.726     1.796    47.426    32.546    36.054    31.594    39.206
   -11.000   -91.800     4.261   170.562     1.897    45.910   -11.000   -89.000     4.376   171.769     1.198    60.987    31.330    39.670    32.536    35.664
   -11.000   -89.000     4.376   171.769     1.198    60.987   -11.000   -91.800     4.261   170.562     1.897    45.910    32.536    35.664    31.330    39.670
   -11.000   -92.200     4.245   170.401     1.998    44.521   -11.000   -88.800     4.384   171.860     1.150    62.679    31.069    40.131    32.528    35.272
   -11.000   -88.800     4.384   171.860     1.150    62.679   -11.000   -92.200     4.245   170.401     1.998    44.521    32.528    35.272    31.069    40.131
   -11.000   -88.600     4.392   171.953     1.103    64.506   -11.000   -92.600     4.229   170.242     2.099    43.240    32.520    34.880    30.810    40.590
   -11.000   -92.600     4.229   170.242     2.099    43.240   -11.000   -88.600     4.392   171.953     1.103    64.506    30.810    40.590    32.520    34.880
   -11.000   -90.400     4.319   171.148     1.544    51.938   -11.000   -89.800     4.343   171.410     1.394    55.317    32.216    37.984    32.478    37.122
   -11.000   -89.800     4.343   171.410     1.394    55.317   -11.000   -90.400     4.319   171.148     1.544    51.938    32.478    37.122    32.216    37.984
   -11.000   -90.800     4.302   170.977     1.645    49.991   -11.000   -89.600     4.351   171.499     1.344    56.592    31.945    38.455    32.466    36.734
   -11.000   -89.600     4.351   171.499     1.344    56.592   -11.000   -90.800     4.302   170.977     1.645    49.991    32.466    36.734    31.945    38.455
   -11.000   -91.200     4.286   170.809     1.746    48.239   -11.000   -89.400     4.360   171.588     1.295    57.955    31.677    38.923    32.456    36.344
   -11.000   -89.400     4.360   171.588     1.295    57.955   -11.000   -91.200     4.286   170.809     1.746    48.239    32.456    36.344    31.677    38.923
   -11.000   -91.600     4.270   170.644     1.847    46.651   -11.000   -89.200     4.368   171.678     1.246    59.417    31.411    39.389    32.446    35.954
   -11.000   -89.200     4.368   171.678     1.246    59.417   -11.000   -91.600     4.270   170.644     1.847    46.651    32.446    35.954    31.411    39.389
   -11.000   -92.000     4.253   170.481     1.948    45.201   -11.000   -89.000     4.376   171.769     1.198    60.987    31.149    39.851    32.436    35.564
   -11.000   -89.000     4.376   171.769     1.198    60.987   -11.000   -92.000     4.253   170.481     1.948    45.201    32.436    35.564    31.149    39.851
   -11.000   -92.400     4.237   170.321     2.049    43.868   -11.000   -88.800     4.384   171.860     1.150    62.679    30.889    40.311    32.428    35.172
   -11.000   -88.800     4.384   171.860     1.150    62.679   -11.000   -92.400     4.237   170.321     2.049    43.868    32.428    35.172    30.889    40.311
   -11.000   -92.800     4.220   170.164     2.149    42.636   -11.000   -88.600     4.392   171.953     1.103    64.506    30.632    40.768    32.420    34.780
   -11.000   -88.600     4.392   171.953     1.103    64.506   -11.000   -92.800     4.220   170.164     2.149    42.636    32.420    34.780    30.632    40.768
   -11.000   -90.200     4.327   171.235     1.494    52.997   -11.000   -90.000     4.335   171.322     1.444    54.121    32.302    37.698    32.390    37.410
   -11.000   -90.000     4.335   171.322     1.444    54.121   -11.000   -90.200     4.327   171.235     1.494    52.997    32.390    37.410    32.302    37.698
   -11.000   -90.600     4.310   171.062     1.594    50.938   -11.000   -89.800     4.343   171.410     1.394    55.317    32.030    38.170    32.378    37.022
   -11.000   -89.800     4.343   171.410     1.394    55.317   -11.000   -90.600     4.310   171.062     1.594    50.938    32.378    37.022    32.030    38.170
   -11.000   -91.000     4.294   170.893     1.695    49.092   -11.000   -89.600     4.351   171.499     1.344    56.592    31.760    38.640    32.366    36.634
   -11.000   -89.600     4.351   171.499     1.344    56.592   -11.000   -91.000     4.294   170.893     1.695    49.092    32.366    36.634    31.760    38.640
   -11.000   -91.400     4.278   170.726     1.796    47.426   -11.000   -89.400     4.360   171.588     1.295    57.955    31.494    39.106    32.356    36.244
   -11.000   -89.400     4.360   171.588     1.295    57.955   -11.000   -91.400     4.278   170.726     1.796    47.426    32.356    36.244    31.494    39.106
   -11.000   -91.800     4.261   170.562     1.897    45.910   -11.000   -89.200     4.368   171.678     1.246    59.417    31.230    39.570    32.346    35.854
   -11.000   -89.200     4.368   171.678     1.246    59.417   -11.000   -91.800     4.261   170.562     1.897    45.910    32.346    35.854    31.230    39.570
   -11.000   -89.000     4.376   171.769     1.198    60.987   -11.000   -92.200     4.245   170.401     1.998    44.521    32.336    35.464    30.969    40.031
   -11.000   -92.200     4.245   170.401     1.998    44.521   -11.000   -89.000     4.376   171.769     1.198    60.987    30.969    40.031    32.336    35.464
   -11.000   -92.600     4.229   170.242     2.099    43.240   -11.000   -88.800     4.384   171.860     1.150    62.679    30.710    40.490    32.328    35.072
   -11.000   -88.800     4.384   171.860     1.150    62.679   -11.000   -92.600     4.229   170.242     2.099    43.240    32.328    35.072    30.710    40.490
   -11.000   -90.400     4.319   171.148     1.544    51.938   -11.000   -90.000     4.335   171.322     1.444    54.121    32.116    37.884    32.290    37.310
   -11.000   -90.000     4.335   171.322     1.444    54.121   -11.000   -90.400     4.319   171.148     1.544    51.938    32.290    37.310    32.116    37.884
   -11.000   -89.800     4.343   171.410     1.394    55.317   -11.000   -90.800     4.302   170.977     1.645    49.991    32.278    36.922    31.845    38.355
   -11.000   -90.800     4.302   170.977     1.645    49.991   -11.000   -89.800     4.343   171.410     1.394    55.317    31.845    38.355    32.278    36.922
   -11.000   -91.200     4.286   170.809     1.746    48.239   -11.000   -89.600     4.351   171.499     1.344    56.592    31.577    38.823    32.266    36.534
   -11.000   -89.600     4.351   171.499     1.344    56.592   -11.000   -91.200     4.286   170.809     1.746    48.239    32.266    36.534    31.577    38.823
   -11.000   -89.400     4.360   171.588     1.295    57.955   -11.000   -91.600     4.270   170.644     1.847    46.651    32.256    36.144    31.311    39.289
   -11.000   -91.600     4.270   170.644     1.847    46.651   -11.000   -89.400     4.360   171.588     1.295    57.955    31.311    39.289    32.256    36.144
   -11.000   -92.000     4.253   170.481     1.948    45.201   -11.000   -89.200     4.368   171.678     1.246    59.417    31.049    39.751    32.246    35.754
   -11.000   -89.200     4.368   171.678     1.246    59.417   -11.000   -92.000     4.253   170.481     1.948    45.201    32.246    35.754    31.049    39.751
   -11.000   -92.400     4.237   170.321     2.049    43.868   -11.000   -89.000     4.376   171.769     1.198    60.987    30.789    40.211    32.236    35.364
   -11.000   -89.000     4.376   171.769     1.198    60.987   -11.000   -92.400     4.237   170.321     2.049    43.868    32.236    35.364    30.789    40.211
   -11.000   -92.800     4.220   170.164     2.149    42.636   -11.000   -88.800     4.384   171.860     1.150    62.679    30.532    40.668    32.228    34.972
   -11.000   -88.800     4.384   171.860     1.150    62.679   -11.000   -92.800     4.220   170.164     2.149    42.636    32.228    34.972    30.532    40.668
   -11.000   -90.000     4.335   171.322     1.444    54.121   -11.000   -90.600     4.310   171.062     1.594    50.938    32.190    37.210    31.930    38.070
   -11.000   -90.600     4.310   171.062     1.594    50.938   -11.000   -90.000     4.335   171.322     1.444    54.121    31.930    38.070    32.190    37.210
   -11.000   -91.000     4.294   170.893     1.695    49.092   -11.000   -89.800     4.343   171.410     1.394    55.317    31.660    38.540    32.178    36.822
   -11.000   -89.800     4.343   171.410     1.394    55.317   -11.000   -91.000     4.294   170.893     1.695    49.092    32.178    36.822    31.660    38.540
   -11.000   -89.600     4.351   171.499     1.344    56.592   -11.000   -91.400     4.278   170.726     1.796    47.426    32.166    36.434    31.394    39.006
   -11.000   -91.400     4.278   170.726     1.796    47.426   -11.000   -89.600     4.351   171.499     1.344    56.592    31.394    39.006    32.166    36.434
   -11.000   -91.800     4.261   170.562     1.897    45.910   -11.000   -89.400     4.360   171.588     1.295    57.955    31.130    39.470    32.156    36.044
   -11.000   -89.400     4.360   171.588     1.295    57.955   -11.000   -91.800     4.261   170.562     1.897    45.910    32.156    36.044    31.130    39.470
   -11.000   -92.200     4.245   170.401     1.998    44.521   -11.000   -89.200     4.368   171.678     1.246    59.417    30.869    39.931    32.146    35.654
   -11.000   -89.200     4.368   171.678     1.246    59.417   -11.000   -92.200     4.245   170.401     1.998    44.521    32.146    35.654    30.869    39.931
   -11.000   -92.600     4.229   170.242     2.099    43.240   -11.000   -89.000     4.376   171.769     1.198    60.987    30.610    40.390    32.136    35.264
   -11.000   -89.000     4.376   171.769     1.198    60.987   -11.000   -92.600     4.229   170.242     2.099    43.240    32.136    35.264    30.610    40.390
   -11.000   -90.200     4.327   171.235     1.494    52.997   -11.000   -90.400     4.319   171.148     1.544    51.938    32.102    37.498    32.016    37.784
   -11.000   -90.400     4.319   171.148     1.544    51.938   -11.000   -90.200     4.327   171.235     1.494    52.997    32.016    37.784    32.102    37.498
   -11.000   -90.000     4.335   171.322     1.444    54.121   -11.000   -90.800     4.302   170.977     1.645    49.991    32.090    37.110    31.745    38.255
   -11.000   -90.800     4.302   170.977     1.645    49.991   -11.000   -90.000     4.335   171.322     1.444    54.121    31.745    38.255    32.090    37.110
   -11.000   -91.200     4.286   170.809     1.746    48.239   -11.000   -89.800     4.343   171.410     1.394    55.317    31.477    38.723    32.078    36.722
   -11.000   -89.800     4.343   171.410     1.394    55.317   -11.000   -91.200     4.286   170.809     1.746    48.239    32.078    36.722    31.477    38.723
   -11.000   -91.600     4.270   170.644     1.847    46.651   -11.000   -89.600     4.351   171.499     1.344    56.592    31.211    39.189    32.066    36.334
   -11.000   -89.600     4.351   171.499     1.344    56.592   -11.000   -91.600     4.270   170.644     1.847    46.651    32.066    36.334    31.211    39.189
   -11.000   -92.000     4.253   170.481     1.948    45.201   -11.000   -89.400     4.360   171.588     1.295    57.955    30.949    39.651    32.056    35.944
   -11.000   -89.400     4.360   171.588     1.295    57.955   -11.000   -92.000     4.253   170.481     1.948    45.201    32.056    35.944    30.949    39.651
   -11.000   -92.400     4.237   170.321     2.049    43.868   -11.000   -89.200     4.368   171.678     1.246    59.417    30.689    40.111    32.046    35.554
   -11.000   -89.200     4.368   171.678     1.246    59.417   -11.000   -92.400     4.237   170.321     2.049    43.868    32.046    35.554    30.689    40.111
   -11.000   -92.800     4.220   170.164     2.149    42.636   -11.000   -89.000     4.376   171.769     1.198    60.987    30.432    40.568    32.036    35.164
   -11.000   -89.000     4.376   171.769     1.198    60.987   -11.000   -92.800     4.220   170.164     2.149    42.636    32.036    35.164    30.432    40.568
   -11.000   -90.200     4.327   171.235     1.494    52.997   -11.000   -90.600     4.310   171.062     1.594    50.938    32.002    37.398    31.830    37.970
   -11.000   -90.600     4.310   171.062     1.594    50.938   -11.000   -90.200     4.327   171.235     1.494    52.997    31.830    37.970    32.002    37.398
   -11.000   -91.000     4.294   170.893     1.695    49.092   -11.000   -90.000     4.335   171.322     1.444    54.121    31.560    38.440    31.990    37.010
   -11.000   -90.000     4.335   171.322     1.444    54.121   -11.000   -91.000     4.294   170.893     1.695    49.092    31.990    37.010    31.560    38.440
   -11.000   -91.400     4.278   170.726     1.796    47.426   -11.000   -89.800     4.343   171.410     1.394    55.317    31.294    38.906    31.978    36.622
   -11.000   -89.800     4.343   171.410     1.394    55.317   -11.000   -91.400     4.278   170.726     1.796    47.426    31.978    36.622    31.294    38.906
   -11.000   -91.800     4.261   170.562     1.897    45.910   -11.000   -89.600     4.351   171.499     1.344    56.592    31.030    39.370    31.966    36.234
   -11.000   -89.600     4.351   171.499     1.344    56.592   -11.000   -91.800     4.261   170.562     1.897    45.910    31.966    36.234    31.030    39.370
   -11.000   -92.200     4.245   170.401     1.998    44.521   -11.000   -89.400     4.360   171.588     1.295    57.955    30.769    39.831    31.956    35.844
   -11.000   -89.400     4.360   171.588     1.295    57.955   -11.000   -92.200     4.245   170.401     1.998    44.521    31.956    35.844    30.769    39.831
   -11.000   -92.600     4.229   170.242     2.099    43.240   -11.000   -89.200     4.368   171.678     1.246    59.417    30.510    40.290    31.946    35.454
   -11.000   -89.200     4.368   171.678     1.246    59.417   -11.000   -92.600     4.229   170.242     2.099    43.240    31.946    35.454    30.510    40.290
   -11.000   -90.200     4.327   171.235     1.494    52.997   -11.000   -90.800     4.302   170.977     1.645    49.991    31.902    37.298    31.645    38.155
   -11.000   -90.800     4.302   170.977     1.645    49.991   -11.000   -90.200     4.327   171.235     1.494    52.997    31.645    38.155    31.902    37.298
   -11.000   -90.000     4.335   171.322     1.444    54.121   -11.000   -91.200     4.286   170.809     1.746    48.239    31.890    36.910    31.377    38.623
   -11.000   -91.200     4.286   170.809     1.746    48.239   -11.000   -90.000     4.335   171.322     1.444    54.121    31.377    38.623    31.890    36.910
   -11.000   -89.800     4.343   171.410     1.394    55.317   -11.000   -91.600     4.270   170.644     1.847    46.651    31.878    36.522    31.111    39.089
   -11.000   -91.600     4.270   170.644     1.847    46.651   -11.000   -89.800     4.343   171.410     1.394    55.317    31.111    39.089    31.878    36.522
   -11.000   -92.000     4.253   170.481     1.948    45.201   -11.000   -89.600     4.351   171.499     1.344    56.592    30.849    39.551    31.866    36.134
   -11.000   -89.600     4.351   171.499     1.344    56.592   -11.000   -92.000     4.253   170.481     1.948    45.201    31.866    36.134    30.849    39.551
   -11.000   -92.400     4.237   170.321     2.049    43.868   -11.000   -89.400     4.360   171.588     1.295    57.955    30.589    40.011    31.856    35.744
   -11.000   -89.400     4.360   171.588     1.295    57.955   -11.000   -92.400     4.237   170.321     2.049    43.868    31.856    35.744    30.589    40.011
   -11.000   -92.800     4.220   170.164     2.149    42.636   -11.000   -89.200     4.368   171.678     1.246    59.417    30.332    40.468    31.846    35.354
   -11.000   -89.200     4.368   171.678     1.246    59.417   -11.000   -92.800     4.220   170.164     2.149    42.636    31.846    35.354    30.332    40.468
   -11.000   -90.600     4.310   171.062     1.594    50.938   -11.000   -90.400     4.319   171.148     1.544    51.938    31.730    37.870    31.816    37.584
   -11.000   -90.400     4.319   171.148     1.544    51.938   -11.000   -90.600     4.310   171.062     1.594    50.938    31.816    37.584    31.730    37.870
   -11.000   -91.000     4.294   170.893     1.695    49.092   -11.000   -90.200     4.327   171.235     1.494    52.997    31.460    38.340    31.802    37.198
   -11.000   -90.200     4.327   171.235     1.494    52.997   -11.000   -91.000     4.294   170.893     1.695    49.092    31.802    37.198    31.460    38.340
   -11.000   -90.000     4.335   171.322     1.444    54.121   -11.000   -91.400     4.278   170.726     1.796    47.426    31.790    36.810    31.194    38.806
   -11.000   -91.400     4.278   170.726     1.796    47.426   -11.000   -90.000     4.335   171.322     1.444    54.121    31.194    38.806    31.790    36.810
   -11.000   -91.800     4.261   170.562     1.897    45.910   -11.000   -89.800     4.343   171.410     1.394    55.317    30.930    39.270    31.778    36.422
   -11.000   -89.800     4.343   171.410     1.394    55.317   -11.000   -91.800     4.261   170.562     1.897    45.910    31.778    36.422    30.930    39.270
   -11.000   -92.200     4.245   170.401     1.998    44.521   -11.000   -89.600     4.351   171.499     1.344    56.592    30.669    39.731    31.766    36.034
   -11.000   -89.600     4.351   171.499     1.344    56.592   -11.000   -92.200     4.245   170.401     1.998    44.521    31.766    36.034    30.669    39.731
   -11.000   -92.600     4.229   170.242     2.099    43.240   -11.000   -89.400     4.360   171.588     1.295    57.955    30.410    40.190    31.756    35.644
   -11.000   -89.400     4.360   171.588     1.295    57.955   -11.000   -92.600     4.229   170.242     2.099    43.240    31.756    35.644    30.410    40.190
   -11.000   -90.800     4.302   170.977     1.645    49.991   -11.000   -90.400     4.319   171.148     1.544    51.938    31.545    38.055    31.716    37.484
   -11.000   -90.400     4.319   171.148     1.544    51.938   -11.000   -90.800     4.302   170.977     1.645    49.991    31.716    37.484    31.545    38.055
   -11.000   -91.200     4.286   170.809     1.746    48.239   -11.000   -90.200     4.327   171.235     1.494    52.997    31.277    38.523    31.702    37.098
   -11.000   -90.200     4.327   171.235     1.494    52.997   -11.000   -91.200     4.286   170.809     1.746    48.239    31.702    37.098    31.277    38.523
   -11.000   -91.600     4.270   170.644     1.847    46.651   -11.000   -90.000     4.335   171.322     1.444    54.121    31.011    38.989    31.690    36.710
   -11.000   -90.000     4.335   171.322     1.444    54.121   -11.000   -91.600     4.270   170.644     1.847    46.651    31.690    36.710    31.011    38.989
   -11.000   -92.000     4.253   170.481     1.948    45.201   -11.000   -89.800     4.343   171.410     1.394    55.317    30.749    39.451    31.678    36.322
   -11.000   -89.800     4.343   171.410     1.394    55.317   -11.000   -92.000     4.253   170.481     1.948    45.201    31.678    36.322    30.749    39.451
   -11.000   -89.600     4.351   171.499     1.344    56.592   -11.000   -92.400     4.237   170.321     2.049    43.868    31.666    35.934    30.489    39.911
   -11.000   -92.400     4.237   170.321     2.049    43.868   -11.000   -89.600     4.351   171.499     1.344    56.592    30.489    39.911    31.666    35.934
   -11.000   -92.800     4.220   170.164     2.149    42.636   -11.000   -89.400     4.360   171.588     1.295    57.955    30.232    40.368    31.656    35.544
   -11.000   -89.400     4.360   171.588     1.295    57.955   -11.000   -92.800     4.220   170.164     2.149    42.636    31.656    35.544    30.232    40.368
   -11.000   -91.000     4.294   170.893     1.695    49.092   -11.000   -90.400     4.319   171.148     1.544    51.938    31.360    38.240    31.616    37.384
   -11.000   -90.400     4.319   171.148     1.544    51.938   -11.000   -91.000     4.294   170.893     1.695    49.092    31.616    37.384    31.360    38.240
   -11.000   -91.400     4.278   170.726     1.796    47.426   -11.000   -90.200     4.327   171.235     1.494    52.997    31.094    38.706    31.602    36.998
   -11.000   -90.200     4.327   171.235     1.494    52.997   -11.000   -91.400     4.278   170.726     1.796    47.426    31.602    36.998    31.094    38.706
   -11.000   -91.800     4.261   170.562     1.897    45.910   -11.000   -90.000     4.335   171.322     1.444    54.121    30.830    39.170    31.590    36.610
   -11.000   -90.000     4.335   171.322     1.444    54.121   -11.000   -91.800     4.261   170.562     1.897    45.910    31.590    36.610    30.830    39.170
   -11.000   -92.200     4.245   170.401     1.998    44.521   -11.000   -89.800     4.343   171.410     1.394    55.317    30.569    39.631    31.578    36.222
   -11.000   -89.800     4.343   171.410     1.394    55.317   -11.000   -92.200     4.245   170.401     1.998    44.521    31.578    36.222    30.569    39.631
   -11.000   -92.600     4.229   170.242     2.099    43.240   -11.000   -89.600     4.351   171.499     1.344    56.592    30.310    40.090    31.566    35.834
   -11.000   -89.600     4.351   171.499     1.344    56.592   -11.000   -92.600     4.229   170.242     2.099    43.240    31.566    35.834    30.310    40.090
   -11.000   -90.800     4.302   170.977     1.645    49.991   -11.000   -90.600     4.310   171.062     1.594    50.938    31.445    37.955    31.530    37.670
   -11.000   -90.600     4.310   171.062     1.594    50.938   -11.000   -90.800     4.302   170.977     1.645    49.991    31.530    37.670    31.445    37.955
   -11.000   -91.200     4.286   170.809     1.746    48.239   -11.000   -90.400     4.319   171.148     1.544    51.938    31.177    38.423    31.516    37.284
   -11.000   -90.400     4.319   171.148     1.544    51.938   -11.000   -91.200     4.286   170.809     1.746    48.239    31.516    37.284    31.177    38.423
   -11.000   -91.600     4.270   170.644     1.847    46.651   -11.000   -90.200     4.327   171.235     1.494    52.997    30.911    38.889    31.502    36.898
   -11.000   -90.200     4.327   171.235     1.494    52.997   -11.000   -91.600     4.270   170.644     1.847    46.651    31.502    36.898    30.911    38.889
   -11.000   -92.000     4.253   170.481     1.948    45.201   -11.000   -90.000     4.335   171.322     1.444    54.121    30.649    39.351    31.490    36.510
   -11.000   -90.000     4.335   171.322     1.444    54.121   -11.000   -92.000     4.253   170.481     1.948    45.201    31.490    36.510    30.649    39.351
   -11.000   -92.400     4.237   170.321     2.049    43.868   -11.000   -89.800     4.343   171.410     1.394    55.317    30.389    39.811    31.478    36.122
   -11.000   -89.800     4.343   171.410     1.394    55.317   -11.000   -92.400     4.237   170.321     2.049    43.868    31.478    36.122    30.389    39.811
   -11.000   -89.600     4.351   171.499     1.344    56.592   -11.000   -92.800     4.220   170.164     2.149    42.636    31.466    35.734    30.132    40.268
   -11.000   -92.800     4.220   170.164     2.149    42.636   -11.000   -89.600     4.351   171.499     1.344    56.592    30.132    40.268    31.466    35.734
   -11.000   -91.000     4.294   170.893     1.695    49.092   -11.000   -90.600     4.310   171.062     1.594    50.938    31.260    38.140    31.430    37.570
   -11.000   -90.600     4.310   171.062     1.594    50.938   -11.000   -91.000     4.294   170.893     1.695    49.092    31.430    37.570    31.260    38.140
   -11.000   -91.400     4.278   170.726     1.796    47.426   -11.000   -90.400     4.319   171.148     1.544    51.938    30.994    38.606    31.416    37.184
   -11.000   -90.400     4.319   171.148     1.544    51.938   -11.000   -91.400     4.278   170.726     1.796    47.426    31.416    37.184    30.994    38.606
   -11.000   -90.200     4.327   171.235     1.494    52.997   -11.000   -91.800     4.261   170.562     1.897    45.910    31.402    36.798    30.730    39.070
   -11.000   -91.800     4.261   170.562     1.897    45.910   -11.000   -90.200     4.327   171.235     1.494    52.997    30.730    39.070    31.402    36.798
   -11.000   -90.000     4.335   171.322     1.444    54.121   -11.000   -92.200     4.245   170.401     1.998    44.521    31.390    36.410    30.469    39.531
   -11.000   -92.200     4.245   170.401     1.998    44.521   -11.000   -90.000     4.335   171.322     1.444    54.121    30.469    39.531    31.390    36.410
   -11.000   -92.600     4.229   170.242     2.099    43.240   -11.000   -89.800     4.343   171.410     1.394    55.317    30.210    39.990    31.378    36.022
   -11.000   -89.800     4.343   171.410     1.394    55.317   -11.000   -92.600     4.229   170.242     2.099    43.240    31.378    36.022    30.210    39.990
   -11.000   -91.200     4.286   170.809     1.746    48.239   -11.000   -90.600     4.310   171.062     1.594    50.938    31.077    38.323    31.330    37.470
   -11.000   -90.600     4.310   171.062     1.594    50.938   -11.000   -91.200     4.286   170.809     1.746    48.239    31.330    37.470    31.077    38.323
   -11.000   -91.600     4.270   170.644     1.847    46.651   -11.000   -90.400     4.319   171.148     1.544    51.938    30.811    38.789    31.316    37.084
   -11.000   -90.400     4.319   171.148     1.544    51.938   -11.000   -91.600     4.270   170.644     1.847    46.651    31.316    37.084    30.811    38.789
   -11.000   -92.000     4.253   170.481     1.948    45.201   -11.000   -90.200     4.327   171.235     1.494    52.997    30.549    39.251    31.302    36.698
   -11.000   -90.200     4.327   171.235     1.494    52.997   -11.000   -92.000     4.253   170.481     1.948    45.201    31.302    36.698    30.549    39.251
   -11.000   -92.400     4.237   170.321     2.049    43.868   -11.000   -90.000     4.335   171.322     1.444    54.121    30.289    39.711    31.290    36.310
   -11.000   -90.000     4.335   171.322     1.444    54.121   -11.000   -92.400     4.237   170.321     2.049    43.868    31.290    36.310    30.289    39.711
   -11.000   -92.800     4.220   170.164     2.149    42.636   -11.000   -89.800     4.343   171.410     1.394    55.317    30.032    40.168    31.278    35.922
   -11.000   -89.800     4.343   171.410     1.394    55.317   -11.000   -92.800     4.220   170.164     2.149    42.636    31.278    35.922    30.032    40.168
   -11.000   -90.800     4.302   170.977     1.645    49.991   -11.000   -91.000     4.294   170.893     1.695    49.092    31.245    37.755    31.160    38.040
   -11.000   -91.000     4.294   170.893     1.695    49.092   -11.000   -90.800     4.302   170.977     1.645    49.991    31.160    38.040    31.245    37.755
   -11.000   -91.400     4.278   170.726     1.796    47.426   -11.000   -90.600     4.310   171.062     1.594    50.938    30.894    38.506    31.230    37.370
   -11.000   -90.600     4.310   171.062     1.594    50.938   -11.000   -91.400     4.278   170.726     1.796    47.426    31.230    37.370    30.894    38.506
   -11.000   -91.800     4.261   170.562     1.897    45.910   -11.000   -90.400     4.319   171.148     1.544    51.938    30.630    38.970    31.216    36.984
   -11.000   -90.400     4.319   171.148     1.544    51.938   -11.000   -91.800     4.261   170.562     1.897    45.910    31.216    36.984    30.630    38.970
   -11.000   -90.200     4.327   171.235     1.494    52.997   -11.000   -92.200     4.245   170.401     1.998    44.521    31.202    36.598    30.369    39.431
   -11.000   -92.200     4.245   170.401     1.998    44.521   -11.000   -90.200     4.327   171.235     1.494    52.997    30.369    39.431    31.202    36.598
   -11.000   -92.600     4.229   170.242     2.099    43.240   -11.000   -90.000     4.335   171.322     1.444    54.121    30.110    39.890    31.190    36.210
   -11.000   -90.000     4.335   171.322     1.444    54.121   -11.000   -92.600     4.229   170.242     2.099    43.240    31.190    36.210    30.110    39.890
   -11.000   -91.200     4.286   170.809     1.746    48.239   -11.000   -90.800     4.302   170.977     1.645    49.991    30.977    38.223    31.145    37.655
   -11.000   -90.800     4.302   170.977     1.645    49.991   -11.000   -91.200     4.286   170.809     1.746    48.239    31.145    37.655    30.977    38.223
   -11.000   -91.600     4.270   170.644     1.847    46.651   -11.000   -90.600     4.310   171.062     1.594    50.938    30.711    38.689    31.130    37.270
   -11.000   -90.600     4.310   171.062     1.594    50.938   -11.000   -91.600     4.270   170.644     1.847    46.651    31.130    37.270    30.711    38.689
   -11.000   -92.000     4.253   170.481     1.948    45.201   -11.000   -90.400     4.319   171.148     1.544    51.938    30.449    39.151    31.116    36.884
   -11.000   -90.400     4.319   171.148     1.544    51.938   -11.000   -92.000     4.253   170.481     1.948    45.201    31.116    36.884    30.449    39.151
   -11.000   -92.400     4.237   170.321     2.049    43.868   -11.000   -90.200     4.327   171.235     1.494    52.997    30.189    39.611    31.102    36.498
   -11.000   -90.200     4.327   171.235     1.494    52.997   -11.000   -92.400     4.237   170.321     2.049    43.868    31.102    36.498    30.189    39.611
   -11.000   -92.800     4.220   170.164     2.149    42.636   -11.000   -90.000     4.335   171.322     1.444    54.121    29.932    40.068    31.090    36.110
   -11.000   -90.000     4.335   171.322     1.444    54.121   -11.000   -92.800     4.220   170.164     2.149    42.636    31.090    36.110    29.932    40.068
   -11.000   -91.400     4.278   170.726     1.796    47.426   -11.000   -90.800     4.302   170.977     1.645    49.991    30.794    38.406    31.045    37.555
   -11.000   -90.800     4.302   170.977     1.645    49.991   -11.000   -91.400     4.278   170.726     1.796    47.426    31.045    37.555    30.794    38.406
   -11.000   -91.800     4.261   170.562     1.897    45.910   -11.000   -90.600     4.310   171.062     1.594    50.938    30.530    38.870    31.030    37.170
   -11.000   -90.600     4.310   171.062     1.594    50.938   -11.000   -91.800     4.261   170.562     1.897    45.910    31.030    37.170    30.530    38.870
   -11.000   -92.200     4.245   170.401     1.998    44.521   -11.000   -90.400     4.319   171.148     1.544    51.938    30.269    39.331    31.016    36.784
   -11.000   -90.400     4.319   171.148     1.544    51.938   -11.000   -92.200     4.245   170.401     1.998    44.521    31.016    36.784    30.269    39.331
   -11.000   -90.200     4.327   171.235     1.494    52.997   -11.000   -92.600     4.229   170.242     2.099    43.240    31.002    36.398    30.010    39.790
   -11.000   -92.600     4.229   170.242     2.099    43.240   -11.000   -90.200     4.327   171.235     1.494    52.997    30.010    39.790    31.002    36.398
   -11.000   -91.200     4.286   170.809     1.746    48.239   -11.000   -91.000     4.294   170.893     1.695    49.092    30.877    38.123    30.960    37.840
   -11.000   -91.000     4.294   170.893     1.695    49.092   -11.000   -91.200     4.286   170.809     1.746    48.239    30.960    37.840    30.877    38.123
   -11.000   -91.600     4.270   170.644     1.847    46.651   -11.000   -90.800     4.302   170.977     1.645    49.991    30.611    38.589    30.945    37.455
   -11.000   -90.800     4.302   170.977     1.645    49.991   -11.000   -91.600     4.270   170.644     1.847    46.651    30.945    37.455    30.611    38.589
   -11.000   -90.600     4.310   171.062     1.594    50.938   -11.000   -92.000     4.253   170.481     1.948    45.201    30.930    37.070    30.349    39.051
   -11.000   -92.000     4.253   170.481     1.948    45.201   -11.000   -90.600     4.310   171.062     1.594    50.938    30.349    39.051    30.930    37.070
   -11.000   -92.400     4.237   170.321     2.049    43.868   -11.000   -90.400     4.319   171.148     1.544    51.938    30.089    39.511    30.916    36.684
   -11.000   -90.400     4.319   171.148     1.544    51.938   -11.000   -92.400     4.237   170.321     2.049    43.868    30.916    36.684    30.089    39.511
   -11.000   -92.800     4.220   170.164     2.149    42.636   -11.000   -90.200     4.327   171.235     1.494    52.997    29.832    39.968    30.902    36.298
   -11.000   -90.200     4.327   171.235     1.494    52.997   -11.000   -92.800     4.220   170.164     2.149    42.636    30.902    36.298    29.832    39.968
   -11.000   -91.000     4.294   170.893     1.695    49.092   -11.000   -91.400     4.278   170.726     1.796    47.426    30.860    37.740    30.694    38.306
   -11.000   -91.400     4.278   170.726     1.796    47.426   -11.000   -91.000     4.294   170.893     1.695    49.092    30.694    38.306    30.860    37.740
   -11.000   -91.800     4.261   170.562     1.897    45.910   -11.000   -90.800     4.302   170.977     1.645    49.991    30.430    38.770    30.845    37.355
   -11.000   -90.800     4.302   170.977     1.645    49.991   -11.000   -91.800     4.261   170.562     1.897    45.910    30.845    37.355    30.430    38.770
   -11.000   -92.200     4.245   170.401     1.998    44.521   -11.000   -90.600     4.310   171.062     1.594    50.938    30.169    39.231    30.830    36.970
   -11.000   -90.600     4.310   171.062     1.594    50.938   -11.000   -92.200     4.245   170.401     1.998    44.521    30.830    36.970    30.169    39.231
   -11.000   -92.600     4.229   170.242     2.099    43.240   -11.000   -90.400     4.319   171.148     1.544    51.938    29.910    39.690    30.816    36.584
   -11.000   -90.400     4.319   171.148     1.544    51.938   -11.000   -92.600     4.229   170.242     2.099    43.240    30.816    36.584    29.910    39.690
   -11.000   -91.000     4.294   170.893     1.695    49.092   -11.000   -91.600     4.270   170.644     1.847    46.651    30.760    37.640    30.511    38.489
   -11.000   -91.600     4.270   170.644     1.847    46.651   -11.000   -91.000     4.294   170.893     1.695    49.092    30.511    38.489    30.760    37.640
   -11.000   -90.800     4.302   170.977     1.645    49.991   -11.000   -92.000     4.253   170.481     1.948    45.201    30.745    37.255    30.249    38.951
   -11.000   -92.000     4.253   170.481     1.948    45.201   -11.000   -90.800     4.302   170.977     1.645    49.991    30.249    38.951    30.745    37.255
   -11.000   -92.400     4.237   170.321     2.049    43.868   -11.000   -90.600     4.310   171.062     1.594    50.938    29.989    39.411    30.730    36.870
   -11.000   -90.600     4.310   171.062     1.594    50.938   -11.000   -92.400     4.237   170.321     2.049    43.868    30.730    36.870    29.989    39.411
   -11.000   -92.800     4.220   170.164     2.149    42.636   -11.000   -90.400     4.319   171.148     1.544    51.938    29.732    39.868    30.716    36.484
   -11.000   -90.400     4.319   171.148     1.544    51.938   -11.000   -92.800     4.220   170.164     2.149    42.636    30.716    36.484    29.732    39.868
   -11.000   -91.400     4.278   170.726     1.796    47.426   -11.000   -91.200     4.286   170.809     1.746    48.239    30.594    38.206    30.677    37.923
   -11.000   -91.200     4.286   170.809     1.746    48.239   -11.000   -91.400     4.278   170.726     1.796    47.426    30.677    37.923    30.594    38.206
   -11.000   -91.000     4.294   170.893     1.695    49.092   -11.000   -91.800     4.261   170.562     1.897    45.910    30.660    37.540    30.330    38.670
   -11.000   -91.800     4.261   170.562     1.897    45.910   -11.000   -91.000     4.294   170.893     1.695    49.092    30.330    38.670    30.660    37.540
   -11.000   -92.200     4.245   170.401     1.998    44.521   -11.000   -90.800     4.302   170.977     1.645    49.991    30.069    39.131    30.645    37.155
   -11.000   -90.800     4.302   170.977     1.645    49.991   -11.000   -92.200     4.245   170.401     1.998    44.521    30.645    37.155    30.069    39.131
   -11.000   -92.600     4.229   170.242     2.099    43.240   -11.000   -90.600     4.310   171.062     1.594    50.938    29.810    39.590    30.630    36.770
   -11.000   -90.600     4.310   171.062     1.594    50.938   -11.000   -92.600     4.229   170.242     2.099    43.240    30.630    36.770    29.810    39.590
   -11.000   -91.600     4.270   170.644     1.847    46.651   -11.000   -91.200     4.286   170.809     1.746    48.239    30.411    38.389    30.577    37.823
   -11.000   -91.200     4.286   170.809     1.746    48.239   -11.000   -91.600     4.270   170.644     1.847    46.651    30.577    37.823    30.411    38.389
   -11.000   -92.000     4.253   170.481     1.948    45.201   -11.000   -91.000     4.294   170.893     1.695    49.092    30.149    38.851    30.560    37.440
   -11.000   -91.000     4.294   170.893     1.695    49.092   -11.000   -92.000     4.253   170.481     1.948    45.201    30.560    37.440    30.149    38.851
   -11.000   -92.400     4.237   170.321     2.049    43.868   -11.000   -90.800     4.302   170.977     1.645    49.991    29.889    39.311    30.545    37.055
   -11.000   -90.800     4.302   170.977     1.645    49.991   -11.000   -92.400     4.237   170.321     2.049    43.868    30.545    37.055    29.889    39.311
   -11.000   -92.800     4.220   170.164     2.149    42.636   -11.000   -90.600     4.310   171.062     1.594    50.938    29.632    39.768    30.530    36.670
   -11.000   -90.600     4.310   171.062     1.594    50.938   -11.000   -92.800     4.220   170.164     2.149    42.636    30.530    36.670    29.632    39.768
   -11.000   -91.200     4.286   170.809     1.746    48.239   -11.000   -91.800     4.261   170.562     1.897    45.910    30.477    37.723    30.230    38.570
   -11.000   -91.800     4.261   170.562     1.897    45.910   -11.000   -91.200     4.286   170.809     1.746    48.239    30.230    38.570    30.477    37.723
   -11.000   -92.200     4.245   170.401     1.998    44.521   -11.000   -91.000     4.294   170.893     1.695    49.092    29.969    39.031    30.460    37.340
   -11.000   -91.000     4.294   170.893     1.695    49.092   -11.000   -92.200     4.245   170.401     1.998    44.521    30.460    37.340    29.969    39.031
   -11.000   -90.800     4.302   170.977     1.645    49.991   -11.000   -92.600     4.229   170.242     2.099    43.240    30.445    36.955    29.710    39.490
   -11.000   -92.600     4.229   170.242     2.099    43.240   -11.000   -90.800     4.302   170.977     1.645    49.991    29.710    39.490    30.445    36.955
   -11.000   -91.600     4.270   170.644     1.847    46.651   -11.000   -91.400     4.278   170.726     1.796    47.426    30.311    38.289    30.394    38.006
   -11.000   -91.400     4.278   170.726     1.796    47.426   -11.000   -91.600     4.270   170.644     1.847    46.651    30.394    38.006    30.311    38.289
   -11.000   -91.200     4.286   170.809     1.746    48.239   -11.000   -92.000     4.253   170.481     1.948    45.201    30.377    37.623    30.049    38.751
   -11.000   -92.000     4.253   170.481     1.948    45.201   -11.000   -91.200     4.286   170.809     1.746    48.239    30.049    38.751    30.377    37.623
   -11.000   -91.000     4.294   170.893     1.695    49.092   -11.000   -92.400     4.237   170.321     2.049    43.868    30.360    37.240    29.789    39.211
   -11.000   -92.400     4.237   170.321     2.049    43.868   -11.000   -91.000     4.294   170.893     1.695    49.092    29.789    39.211    30.360    37.240
   -11.000   -90.800     4.302   170.977     1.645    49.991   -11.000   -92.800     4.220   170.164     2.149    42.636    30.345    36.855    29.532    39.668
   -11.000   -92.800     4.220   170.164     2.149    42.636   -11.000   -90.800     4.302   170.977     1.645    49.991    29.532    39.668    30.345    36.855
   -11.000   -91.800     4.261   170.562     1.897    45.910   -11.000   -91.400     4.278   170.726     1.796    47.426    30.130    38.470    30.294    37.906
   -11.000   -91.400     4.278   170.726     1.796    47.426   -11.000   -91.800     4.261   170.562     1.897    45.910    30.294    37.906    30.130    38.470
   -11.000   -92.200     4.245   170.401     1.998    44.521   -11.000   -91.200     4.286   170.809     1.746    48.239    29.869    38.931    30.277    37.523
   -11.000   -91.200     4.286   170.809     1.746    48.239   -11.000   -92.200     4.245   170.401     1.998    44.521    30.277    37.523    29.869    38.931
   -11.000   -91.000     4.294   170.893     1.695    49.092   -11.000   -92.600     4.229   170.242     2.099    43.240    30.260    37.140    29.610    39.390
   -11.000   -92.600     4.229   170.242     2.099    43.240   -11.000   -91.000     4.294   170.893     1.695    49.092    29.610    39.390    30.260    37.140
   -11.000   -92.000     4.253   170.481     1.948    45.201   -11.000   -91.400     4.278   170.726     1.796    47.426    29.949    38.651    30.194    37.806
   -11.000   -91.400     4.278   170.726     1.796    47.426   -11.000   -92.000     4.253   170.481     1.948    45.201    30.194    37.806    29.949    38.651
   -11.000   -91.200     4.286   170.809     1.746    48.239   -11.000   -92.400     4.237   170.321     2.049    43.868    30.177    37.423    29.689    39.111
   -11.000   -92.400     4.237   170.321     2.049    43.868   -11.000   -91.200     4.286   170.809     1.746    48.239    29.689    39.111    30.177    37.423
   -11.000   -92.800     4.220   170.164     2.149    42.636   -11.000   -91.000     4.294   170.893     1.695    49.092    29.432    39.568    30.160    37.040
   -11.000   -91.000     4.294   170.893     1.695    49.092   -11.000   -92.800     4.220   170.164     2.149    42.636    30.160    37.040    29.432    39.568
   -11.000   -91.800     4.261   170.562     1.897    45.910   -11.000   -91.600     4.270   170.644     1.847    46.651    30.030    38.370    30.111    38.089
   -11.000   -91.600     4.270   170.644     1.847    46.651   -11.000   -91.800     4.261   170.562     1.897    45.910    30.111    38.089    30.030    38.370
   -11.000   -92.200     4.245   170.401     1.998    44.521   -11.000   -91.400     4.278   170.726     1.796    47.426    29.769    38.831    30.094    37.706
   -11.000   -91.400     4.278   170.726     1.796    47.426   -11.000   -92.200     4.245   170.401     1.998    44.521    30.094    37.706    29.769    38.831
   -11.000   -92.600     4.229   170.242     2.099    43.240   -11.000   -91.200     4.286   170.809     1.746    48.239    29.510    39.290    30.077    37.323
   -11.000   -91.200     4.286   170.809     1.746    48.239   -11.000   -92.600     4.229   170.242     2.099    43.240    30.077    37.323    29.510    39.290
   -11.000   -92.000     4.253   170.481     1.948    45.201   -11.000   -91.600     4.270   170.644     1.847    46.651    29.849    38.551    30.011    37.989
   -11.000   -91.600     4.270   170.644     1.847    46.651   -11.000   -92.000     4.253   170.481     1.948    45.201    30.011    37.989    29.849    38.551
   -11.000   -92.400     4.237   170.321     2.049    43.868   -11.000   -91.400     4.278   170.726     1.796    47.426    29.589    39.011    29.994    37.606
   -11.000   -91.400     4.278   170.726     1.796    47.426   -11.000   -92.400     4.237   170.321     2.049    43.868    29.994    37.606    29.589    39.011
   -11.000   -92.800     4.220   170.164     2.149    42.636   -11.000   -91.200     4.286   170.809     1.746    48.239    29.332    39.468    29.977    37.223
   -11.000   -91.200     4.286   170.809     1.746    48.239   -11.000   -92.800     4.220   170.164     2.149    42.636    29.977    37.223    29.332    39.468
   -11.000   -91.600     4.270   170.644     1.847    46.651   -11.000   -92.200     4.245   170.401     1.998    44.521    29.911    37.889    29.669    38.731
   -11.000   -92.200     4.245   170.401     1.998    44.521   -11.000   -91.600     4.270   170.644     1.847    46.651    29.669    38.731    29.911    37.889
   -11.000   -92.600     4.229   170.242     2.099    43.240   -11.000   -91.400     4.278   170.726     1.796    47.426    29.410    39.190    29.894    37.506
   -11.000   -91.400     4.278   170.726     1.796    47.426   -11.000   -92.600     4.229   170.242     2.099    43.240    29.894    37.506    29.410    39.190
   -11.000   -91.800     4.261   170.562     1.897    45.910   -11.000   -92.000     4.253   170.481     1.948    45.201    29.830    38.170    29.749    38.451
   -11.000   -92.000     4.253   170.481     1.948    45.201   -11.000   -91.800     4.261   170.562     1.897    45.910    29.749    38.451    29.830    38.170
   -11.000   -92.400     4.237   170.321     2.049    43.868   -11.000   -91.600     4.270   170.644     1.847    46.651    29.489    38.911    29.811    37.789
   -11.000   -91.600     4.270   170.644     1.847    46.651   -11.000   -92.400     4.237   170.321     2.049    43.868    29.811    37.789    29.489    38.911
   -11.000   -92.800     4.220   170.164     2.149    42.636   -11.000   -91.400     4.278   170.726     1.796    47.426    29.232    39.368    29.794    37.406
   -11.000   -91.400     4.278   170.726     1.796    47.426   -11.000   -92.800     4.220   170.164     2.149    42.636    29.794    37.406    29.232    39.368
   -11.000   -92.200     4.245   170.401     1.998    44.521   -11.000   -91.800     4.261   170.562     1.897    45.910    29.569    38.631    29.730    38.070
   -11.000   -91.800     4.261   170.562     1.897    45.910   -11.000   -92.200     4.245   170.401     1.998    44.521    29.730    38.070    29.569    38.631
   -11.000   -92.600     4.229   170.242     2.099    43.240   -11.000   -91.600     4.270   170.644     1.847    46.651    29.310    39.090    29.711    37.689
   -11.000   -91.600     4.270   170.644     1.847    46.651   -11.000   -92.600     4.229   170.242     2.099    43.240    29.711    37.689    29.310    39.090
   -11.000   -91.800     4.261   170.562     1.897    45.910   -11.000   -92.400     4.237   170.321     2.049    43.868    29.630    37.970    29.389    38.811
   -11.000   -92.400     4.237   170.321     2.049    43.868   -11.000   -91.800     4.261   170.562     1.897    45.910    29.389    38.811    29.630    37.970
   -11.000   -91.600     4.270   170.644     1.847    46.651   -11.000   -92.800     4.220   170.164     2.149    42.636    29.611    37.589    29.132    39.268
   -11.000   -92.800     4.220   170.164     2.149    42.636   -11.000   -91.600     4.270   170.644     1.847    46.651    29.132    39.268    29.611    37.589
   -11.000   -92.000     4.253   170.481     1.948    45.201   -11.000   -92.200     4.245   170.401     1.998    44.521    29.549    38.251    29.469    38.531
   -11.000   -92.200     4.245   170.401     1.998    44.521   -11.000   -92.000     4.253   170.481     1.948    45.201    29.469    38.531    29.549    38.251
   -11.000   -92.600     4.229   170.242     2.099    43.240   -11.000   -91.800     4.261   170.562     1.897    45.910    29.210    38.990    29.530    37.870
   -11.000   -91.800     4.261   170.562     1.897    45.910   -11.000   -92.600     4.229   170.242     2.099    43.240    29.530    37.870    29.210    38.990
   -11.000   -92.000     4.253   170.481     1.948    45.201   -11.000   -92.400     4.237   170.321     2.049    43.868    29.449    38.151    29.289    38.711
   -11.000   -92.400     4.237   170.321     2.049    43.868   -11.000   -92.000     4.253   170.481     1.948    45.201    29.289    38.711    29.449    38.151
   -11.000   -92.800     4.220   170.164     2.149    42.636   -11.000   -91.800     4.261   170.562     1.897    45.910    29.032    39.168    29.430    37.770
   -11.000   -91.800     4.261   170.562     1.897    45.910   -11.000   -92.800     4.220   170.164     2.149    42.636    29.430    37.770    29.032    39.168
   -11.000   -92.600     4.229   170.242     2.099    43.240   -11.000   -92.000     4.253   170.481     1.948    45.201    29.110    38.890    29.349    38.051
   -11.000   -92.000     4.253   170.481     1.948    45.201   -11.000   -92.600     4.229   170.242     2.099    43.240    29.349    38.051    29.110    38.890
   -11.000   -92.400     4.237   170.321     2.049    43.868   -11.000   -92.200     4.245   170.401     1.998    44.521    29.189    38.611    29.269    38.331
   -11.000   -92.200     4.245   170.401     1.998    44.521   -11.000   -92.400     4.237   170.321     2.049    43.868    29.269    38.331    29.189    38.611
   -11.000   -92.000     4.253   170.481     1.948    45.201   -11.000   -92.800     4.220   170.164     2.149    42.636    29.249    37.951    28.932    39.068
   -11.000   -92.800     4.220   170.164     2.149    42.636   -11.000   -92.000     4.253   170.481     1.948    45.201    28.932    39.068    29.249    37.951
   -11.000   -92.600     4.229   170.242     2.099    43.240   -11.000   -92.200     4.245   170.401     1.998    44.521    29.010    38.790    29.169    38.231
   -11.000   -92.200     4.245   170.401     1.998    44.521   -11.000   -92.600     4.229   170.242     2.099    43.240    29.169    38.231    29.010    38.790
   -11.000   -92.800     4.220   170.164     2.149    42.636   -11.000   -92.200     4.245   170.401     1.998    44.521    28.832    38.968    29.069    38.131
   -11.000   -92.200     4.245   170.401     1.998    44.521   -11.000   -92.800     4.220   170.164     2.149    42.636    29.069    38.131    28.832    38.968
   -11.000   -92.600     4.229   170.242     2.099    43.240   -11.000   -92.400     4.237   170.321     2.049    43.868    28.910    38.690    28.989    38.411
   -11.000   -92.400     4.237   170.321     2.049    43.868   -11.000   -92.600     4.229   170.242     2.099    43.240    28.989    38.411    28.910    38.690
   -11.000   -92.800     4.220   170.164     2.149    42.636   -11.000   -92.400     4.237   170.321     2.049    43.868    28.732    38.868    28.889    38.311
   -11.000   -92.400     4.237   170.321     2.049    43.868   -11.000   -92.800     4.220   170.164     2.149    42.636    28.889    38.311    28.732    38.868
   -11.000   -92.800     4.220   170.164     2.149    42.636   -11.000   -92.600     4.229   170.242     2.099    43.240    28.632    38.768    28.710    38.490
   -11.000   -92.600     4.229   170.242     2.099    43.240   -11.000   -92.800     4.220   170.164     2.149    42.636    28.710    38.490    28.632    38.768
   -11.000   -86.600     4.474   172.914     0.710    94.626   -10.800   -89.000     4.441   170.643     1.635    61.707    50.701    20.299    48.430    24.970
   -10.800   -89.000     4.441   170.643     1.635    61.707   -11.000   -86.600     4.474   172.914     0.710    94.626    48.430    24.970    50.701    20.299
   -11.000   -86.800     4.465   172.815     0.738    90.317   -10.800   -89.000     4.441   170.643     1.635    61.707    51.351    19.649    49.179    24.021
   -10.800   -89.000     4.441   170.643     1.635    61.707   -11.000   -86.800     4.465   172.815     0.738    90.317    49.179    24.021    51.351    19.649
   -11.000   -92.800     4.220   170.164     2.149    42.636   -10.800   -86.200     4.560   171.981     1.060    89.644    22.122    51.678    23.939    43.261
   -10.800   -86.200     4.560   171.981     1.060    89.644   -11.000   -92.800     4.220   170.164     2.149    42.636    23.939    43.261    22.122    51.678
   -11.000   -92.600     4.229   170.242     2.099    43.240   -10.800   -86.200     4.560   171.981     1.060    89.644    21.955    51.845    23.694    43.706
   -10.800   -86.200     4.560   171.981     1.060    89.644   -11.000   -92.600     4.229   170.242     2.099    43.240    23.694    43.706    21.955    51.845
   -10.800   -86.200     4.560   171.981     1.060    89.644   -11.000   -92.400     4.237   170.321     2.049    43.868    23.422    44.178    21.763    52.037
   -11.000   -92.400     4.237   170.321     2.049    43.868   -10.800   -86.200     4.560   171.981     1.060    89.644    21.763    52.037    23.422    44.178
   -11.000   -92.200     4.245   170.401     1.998    44.521   -10.800   -86.200     4.560   171.981     1.060    89.644    21.541    52.259    23.121    44.679
   -10.800   -86.200     4.560   171.981     1.060    89.644   -11.000   -92.200     4.245   170.401     1.998    44.521    23.121    44.679    21.541    52.259
   -11.000   -87.000     4.457   172.716     0.770    86.347   -10.800   -89.000     4.441   170.643     1.635    61.707    52.101    18.899    50.028    22.972
   -10.800   -89.000     4.441   170.643     1.635    61.707   -11.000   -87.000     4.457   172.716     0.770    86.347    50.028    22.972    52.101    18.899
   -11.000   -86.600     4.474   172.914     0.710    94.626   -10.800   -88.600     4.458   170.826     1.542    64.432    52.581    18.819    50.493    22.907
   -10.800   -88.600     4.458   170.826     1.542    64.432   -11.000   -86.600     4.474   172.914     0.710    94.626    50.493    22.907    52.581    18.819
   -10.800   -86.200     4.560   171.981     1.060    89.644   -11.000   -92.000     4.253   170.481     1.948    45.201    22.787    45.213    21.287    52.513
   -11.000   -92.000     4.253   170.481     1.948    45.201   -10.800   -86.200     4.560   171.981     1.060    89.644    21.287    52.513    22.787    45.213
   -11.000   -92.800     4.220   170.164     2.149    42.636   -10.800   -86.600     4.543   171.781     1.126    84.060    21.124    52.276    22.741    44.459
   -10.800   -86.600     4.543   171.781     1.126    84.060   -11.000   -92.800     4.220   170.164     2.149    42.636    22.741    44.459    21.124    52.276
   -11.000   -92.600     4.229   170.242     2.099    43.240   -10.800   -86.600     4.543   171.781     1.126    84.060    20.898    52.502    22.436    44.964
   -10.800   -86.600     4.543   171.781     1.126    84.060   -11.000   -92.600     4.229   170.242     2.099    43.240    22.436    44.964    20.898    52.502
   -10.800   -86.200     4.560   171.981     1.060    89.644   -11.000   -91.800     4.261   170.562     1.897    45.910    22.415    45.785    20.996    52.804
   -11.000   -91.800     4.261   170.562     1.897    45.910   -10.800   -86.200     4.560   171.981     1.060    89.644    20.996    52.804    22.415    45.785
   -11.000   -92.400     4.237   170.321     2.049    43.868   -10.800   -86.600     4.543   171.781     1.126    84.060    20.639    52.761    22.099    45.501
   -10.800   -86.600     4.543   171.781     1.126    84.060   -11.000   -92.400     4.237   170.321     2.049    43.868    22.099    45.501    20.639    52.761
   -11.000   -91.600     4.270   170.644     1.847    46.651   -10.800   -86.200     4.560   171.981     1.060    89.644    20.664    53.136    22.001    46.399
   -10.800   -86.200     4.560   171.981     1.060    89.644   -11.000   -91.600     4.270   170.644     1.847    46.651    22.001    46.399    20.664    53.136
   -10.800   -89.000     4.441   170.643     1.635    61.707   -11.000   -87.200     4.449   172.618     0.805    82.704    50.995    21.805    52.970    18.030
   -11.000   -87.200     4.449   172.618     0.805    82.704   -10.800   -89.000     4.441   170.643     1.635    61.707    52.970    18.030    50.995    21.805
   -10.800   -88.600     4.458   170.826     1.542    64.432   -11.000   -86.800     4.465   172.815     0.738    90.317    51.453    21.747    53.443    17.957
   -11.000   -86.800     4.465   172.815     0.738    90.317   -10.800   -88.600     4.458   170.826     1.542    64.432    53.443    17.957    51.453    21.747
   -11.000   -92.200     4.245   170.401     1.998    44.521   -10.800   -86.600     4.543   171.781     1.126    84.060    20.343    53.057    21.723    46.077
   -10.800   -86.600     4.543   171.781     1.126    84.060   -11.000   -92.200     4.245   170.401     1.998    44.521    21.723    46.077    20.343    53.057
   -11.000   -91.400     4.278   170.726     1.796    47.426   -10.800   -86.200     4.560   171.981     1.060    89.644    20.284    53.516    21.539    47.061
   -10.800   -86.200     4.560   171.981     1.060    89.644   -11.000   -91.400     4.278   170.726     1.796    47.426    21.539    47.061    20.284    53.516
   -11.000   -92.800     4.220   170.164     2.149    42.636   -10.800   -87.000     4.527   171.584     1.200    79.118    19.994    53.006    21.413    45.787
   -10.800   -87.000     4.527   171.584     1.200    79.118   -11.000   -92.800     4.220   170.164     2.149    42.636    21.413    45.787    19.994    53.006
   -11.000   -92.000     4.253   170.481     1.948    45.201   -10.800   -86.600     4.543   171.781     1.126    84.060    20.005    53.395    21.305    46.695
   -10.800   -86.600     4.543   171.781     1.126    84.060   -11.000   -92.000     4.253   170.481     1.948    45.201    21.305    46.695    20.005    53.395
   -11.000   -92.600     4.229   170.242     2.099    43.240   -10.800   -87.000     4.527   171.584     1.200    79.118    19.693    53.307    21.034    46.366
   -10.800   -87.000     4.527   171.584     1.200    79.118   -11.000   -92.600     4.229   170.242     2.099    43.240    21.034    46.366    19.693    53.307
   -11.000   -91.200     4.286   170.809     1.746    48.239   -10.800   -86.200     4.560   171.981     1.060    89.644    19.849    53.951    21.021    47.779
   -10.800   -86.200     4.560   171.981     1.060    89.644   -11.000   -91.200     4.286   170.809     1.746    48.239    21.021    47.779    19.849    53.951
   -11.000   -91.800     4.261   170.562     1.897    45.910   -10.800   -86.600     4.543   171.781     1.126    84.060    19.619    53.781    20.838    47.362
   -10.800   -86.600     4.543   171.781     1.126    84.060   -11.000   -91.800     4.261   170.562     1.897    45.910    20.838    47.362    19.619    53.781
   -11.000   -92.400     4.237   170.321     2.049    43.868   -10.800   -87.000     4.527   171.584     1.200    79.118    19.349    53.651    20.612    46.988
   -10.800   -87.000     4.527   171.584     1.200    79.118   -11.000   -92.400     4.237   170.321     2.049    43.868    20.612    46.988    19.349    53.651
   -11.000   -87.400     4.441   172.521     0.843    79.369   -10.800   -89.000     4.441   170.643     1.635    61.707    53.980    17.020    52.102    20.498
   -10.800   -89.000     4.441   170.643     1.635    61.707   -11.000   -87.400     4.441   172.521     0.843    79.369    52.102    20.498    53.980    17.020
   -11.000   -87.000     4.457   172.716     0.770    86.347   -10.800   -88.600     4.458   170.826     1.542    64.432    54.444    16.956    52.553    20.447
   -10.800   -88.600     4.458   170.826     1.542    64.432   -11.000   -87.000     4.457   172.716     0.770    86.347    52.553    20.447    54.444    16.956
   -10.800   -86.200     4.560   171.981     1.060    89.644   -11.000   -91.000     4.294   170.893     1.695    49.092    20.439    48.561    19.351    54.449
   -11.000   -91.000     4.294   170.893     1.695    49.092   -10.800   -86.200     4.560   171.981     1.060    89.644    19.351    54.449    20.439    48.561
   -11.000   -86.600     4.474   172.914     0.710    94.626   -10.800   -88.200     4.475   171.011     1.451    67.477    54.911    16.889    53.008    20.392
   -10.800   -88.200     4.475   171.011     1.451    67.477   -11.000   -86.600     4.474   172.914     0.710    94.626    53.008    20.392    54.911    16.889
   -10.800   -86.600     4.543   171.781     1.126    84.060   -11.000   -91.600     4.270   170.644     1.847    46.651    20.315    48.085    19.178    54.222
   -11.000   -91.600     4.270   170.644     1.847    46.651   -10.800   -86.600     4.543   171.781     1.126    84.060    19.178    54.222    20.315    48.085
   -11.000   -92.200     4.245   170.401     1.998    44.521   -10.800   -87.000     4.527   171.584     1.200    79.118    18.957    54.043    20.140    47.660
   -10.800   -87.000     4.527   171.584     1.200    79.118   -11.000   -92.200     4.245   170.401     1.998    44.521    20.140    47.660    18.957    54.043
   -11.000   -92.800     4.220   170.164     2.149    42.636   -10.800   -87.400     4.509   171.390     1.279    74.754    18.696    53.904    19.922    47.278
   -10.800   -87.400     4.509   171.390     1.279    74.754   -11.000   -92.800     4.220   170.164     2.149    42.636    19.922    47.278    18.696    53.904
   -11.000   -90.800     4.302   170.977     1.645    49.991   -10.800   -86.200     4.560   171.981     1.060    89.644    18.780    55.020    19.784    49.416
   -10.800   -86.200     4.560   171.981     1.060    89.644   -11.000   -90.800     4.302   170.977     1.645    49.991    19.784    49.416    18.780    55.020
   -11.000   -91.400     4.278   170.726     1.796    47.426   -10.800   -86.600     4.543   171.781     1.126    84.060    18.674    54.726    19.728    48.872
   -10.800   -86.600     4.543   171.781     1.126    84.060   -11.000   -91.400     4.278   170.726     1.796    47.426    19.728    48.872    18.674    54.726
   -11.000   -92.000     4.253   170.481     1.948    45.201   -10.800   -87.000     4.527   171.584     1.200    79.118    18.510    54.490    19.613    48.387
   -10.800   -87.000     4.527   171.584     1.200    79.118   -11.000   -92.000     4.253   170.481     1.948    45.201    19.613    48.387    18.510    54.490
   -11.000   -92.600     4.229   170.242     2.099    43.240   -10.800   -87.400     4.509   171.390     1.279    74.754    18.299    54.301    19.446    47.954
   -10.800   -87.400     4.509   171.390     1.279    74.754   -11.000   -92.600     4.229   170.242     2.099    43.240    19.446    47.954    18.299    54.301
   -11.000   -91.200     4.286   170.809     1.746    48.239   -10.800   -86.600     4.543   171.781     1.126    84.060    18.095    55.305    19.067    49.733
   -10.800   -86.600     4.543   171.781     1.126    84.060   -11.000   -91.200     4.286   170.809     1.746    48.239    19.067    49.733    18.095    55.305
   -11.000   -90.600     4.310   171.062     1.594    50.938   -10.800   -86.200     4.560   171.981     1.060    89.644    18.123    55.677    19.042    50.358
   -10.800   -86.200     4.560   171.981     1.060    89.644   -11.000   -90.600     4.310   171.062     1.594    50.938    19.042    50.358    18.123    55.677
   -11.000   -87.600     4.433   172.425     0.882    76.319   -10.800   -89.000     4.441   170.643     1.635    61.707    55.159    15.841    53.378    19.022
   -10.800   -89.000     4.441   170.643     1.635    61.707   -11.000   -87.600     4.433   172.425     0.882    76.319    53.378    19.022    55.159    15.841
   -11.000   -91.800     4.261   170.562     1.897    45.910   -10.800   -87.000     4.527   171.584     1.200    79.118    17.999    55.001    19.021    49.179
   -10.800   -87.000     4.527   171.584     1.200    79.118   -11.000   -91.800     4.261   170.562     1.897    45.910    19.021    49.179    17.999    55.001
   -10.800   -88.600     4.458   170.826     1.542    64.432   -11.000   -87.200     4.449   172.618     0.805    82.704    53.821    18.979    55.614    15.786
   -11.000   -87.200     4.449   172.618     0.805    82.704   -10.800   -88.600     4.458   170.826     1.542    64.432    55.614    15.786    53.821    18.979
   -10.800   -88.200     4.475   171.011     1.451    67.477   -11.000   -86.800     4.465   172.815     0.738    90.317    54.268    18.932    56.072    15.728
   -11.000   -86.800     4.465   172.815     0.738    90.317   -10.800   -88.200     4.475   171.011     1.451    67.477    56.072    15.728    54.268    18.932
   -11.000   -92.400     4.237   170.321     2.049    43.868   -10.800   -87.400     4.509   171.390     1.279    74.754    17.845    54.755    18.914    48.686
   -10.800   -87.400     4.509   171.390     1.279    74.754   -11.000   -92.400     4.237   170.321     2.049    43.868    18.914    48.686    17.845    54.755
   -11.000   -91.600     4.270   170.644     1.847    46.651   -10.800   -87.000     4.527   171.584     1.200    79.118    17.413    55.587    18.354    50.046
   -10.800   -87.000     4.527   171.584     1.200    79.118   -11.000   -91.600     4.270   170.644     1.847    46.651    18.354    50.046    17.413    55.587
   -11.000   -91.000     4.294   170.893     1.695    49.092   -10.800   -86.600     4.543   171.781     1.126    84.060    17.431    55.969    18.319    50.681
   -10.800   -86.600     4.543   171.781     1.126    84.060   -11.000   -91.000     4.294   170.893     1.695    49.092    18.319    50.681    17.431    55.969
   -11.000   -92.200     4.245   170.401     1.998    44.521   -10.800   -87.400     4.509   171.390     1.279    74.754    17.327    55.273    18.316    49.484
   -10.800   -87.400     4.509   171.390     1.279    74.754   -11.000   -92.200     4.245   170.401     1.998    44.521    18.316    49.484    17.327    55.273
   -11.000   -92.800     4.220   170.164     2.149    42.636   -10.800   -87.800     4.492   171.199     1.364    70.897    17.183    55.017    18.218    48.982
   -10.800   -87.800     4.492   171.199     1.364    70.897   -11.000   -92.800     4.220   170.164     2.149    42.636    18.218    48.982    17.183    55.017
   -11.000   -90.400     4.319   171.148     1.544    51.938   -10.800   -86.200     4.560   171.981     1.060    89.644    17.365    56.435    18.198    51.402
   -10.800   -86.200     4.560   171.981     1.060    89.644   -11.000   -90.400     4.319   171.148     1.544    51.938    18.198    51.402    17.365    56.435
   -11.000   -92.000     4.253   170.481     1.948    45.201   -10.800   -87.400     4.509   171.390     1.279    74.754    16.735    55.865    17.643    50.357
   -10.800   -87.400     4.509   171.390     1.279    74.754   -11.000   -92.000     4.253   170.481     1.948    45.201    17.643    50.357    16.735    55.865
   -11.000   -92.600     4.229   170.242     2.099    43.240   -10.800   -87.800     4.492   171.199     1.364    70.897    16.659    55.541    17.615    49.785
   -10.800   -87.800     4.492   171.199     1.364    70.897   -11.000   -92.600     4.229   170.242     2.099    43.240    17.615    49.785    16.659    55.541
   -11.000   -91.400     4.278   170.726     1.796    47.426   -10.800   -87.000     4.527   171.584     1.200    79.118    16.741    56.259    17.599    51.001
   -10.800   -87.000     4.527   171.584     1.200    79.118   -11.000   -91.400     4.278   170.726     1.796    47.426    17.599    51.001    16.741    56.259
   -10.800   -86.600     4.543   171.781     1.126    84.060   -11.000   -90.800     4.302   170.977     1.645    49.991    17.468    51.732    16.664    56.736
   -11.000   -90.800     4.302   170.977     1.645    49.991   -10.800   -86.600     4.543   171.781     1.126    84.060    16.664    56.736    17.468    51.732
   -11.000   -87.800     4.425   172.329     0.924    73.530   -10.800   -89.000     4.441   170.643     1.635    61.707    56.544    14.456    54.858    17.342
   -10.800   -89.000     4.441   170.643     1.635    61.707   -11.000   -87.800     4.425   172.329     0.924    73.530    54.858    17.342    56.544    14.456
   -11.000   -87.400     4.441   172.521     0.843    79.369   -10.800   -88.600     4.458   170.826     1.542    64.432    56.989    14.411    55.294    17.306
   -10.800   -88.600     4.458   170.826     1.542    64.432   -11.000   -87.400     4.441   172.521     0.843    79.369    55.294    17.306    56.989    14.411
   -10.800   -88.200     4.475   171.011     1.451    67.477   -11.000   -87.000     4.457   172.716     0.770    86.347    55.732    17.268    57.438    14.362
   -11.000   -87.000     4.457   172.716     0.770    86.347   -10.800   -88.200     4.475   171.011     1.451    67.477    57.438    14.362    55.732    17.268
   -11.000   -90.200     4.327   171.235     1.494    52.997   -10.800   -86.200     4.560   171.981     1.060    89.644    16.487    57.313    17.233    52.567
   -10.800   -86.200     4.560   171.981     1.060    89.644   -11.000   -90.200     4.327   171.235     1.494    52.997    17.233    52.567    16.487    57.313
   -11.000   -86.600     4.474   172.914     0.710    94.626   -10.800   -87.800     4.492   171.199     1.364    70.897    57.889    14.311    56.173    17.227
   -10.800   -87.800     4.492   171.199     1.364    70.897   -11.000   -86.600     4.474   172.914     0.710    94.626    56.173    17.227    57.889    14.311
   -11.000   -92.400     4.237   170.321     2.049    43.868   -10.800   -87.800     4.492   171.199     1.364    70.897    16.059    56.141    16.936    50.664
   -10.800   -87.800     4.492   171.199     1.364    70.897   -11.000   -92.400     4.237   170.321     2.049    43.868    16.936    50.664    16.059    56.141
   -11.000   -91.800     4.261   170.562     1.897    45.910   -10.800   -87.400     4.509   171.390     1.279    74.754    16.054    56.546    16.882    51.318
   -10.800   -87.400     4.509   171.390     1.279    74.754   -11.000   -91.800     4.261   170.562     1.897    45.910    16.882    51.318    16.054    56.546
   -11.000   -91.200     4.286   170.809     1.746    48.239   -10.800   -87.000     4.527   171.584     1.200    79.118    15.966    57.034    16.741    52.059
   -10.800   -87.000     4.527   171.584     1.200    79.118   -11.000   -91.200     4.286   170.809     1.746    48.239    16.741    52.059    15.966    57.034
   -11.000   -90.600     4.310   171.062     1.594    50.938   -10.800   -86.600     4.543   171.781     1.126    84.060    15.777    57.623    16.496    52.904
   -10.800   -86.600     4.543   171.781     1.126    84.060   -11.000   -90.600     4.310   171.062     1.594    50.938    16.496    52.904    15.777    57.623
   -11.000   -92.800     4.220   170.164     2.149    42.636   -10.800   -88.200     4.475   171.011     1.451    67.477    15.386    56.414    16.232    50.968
   -10.800   -88.200     4.475   171.011     1.451    67.477   -11.000   -92.800     4.220   170.164     2.149    42.636    16.232    50.968    15.386    56.414
   -11.000   -92.200     4.245   170.401     1.998    44.521   -10.800   -87.800     4.492   171.199     1.364    70.897    15.371    56.829    16.169    51.631
   -10.800   -87.800     4.492   171.199     1.364    70.897   -11.000   -92.200     4.245   170.401     1.998    44.521    16.169    51.631    15.371    56.829
   -10.800   -86.200     4.560   171.981     1.060    89.644   -11.000   -90.000     4.335   171.322     1.444    54.121    16.125    53.875    15.466    58.334
   -11.000   -90.000     4.335   171.322     1.444    54.121   -10.800   -86.200     4.560   171.981     1.060    89.644    15.466    58.334    16.125    53.875
   -11.000   -91.600     4.270   170.644     1.847    46.651   -10.800   -87.400     4.509   171.390     1.279    74.754    15.271    57.329    16.017    52.383
   -10.800   -87.400     4.509   171.390     1.279    74.754   -11.000   -91.600     4.270   170.644     1.847    46.651    16.017    52.383    15.271    57.329
   -11.000   -91.000     4.294   170.893     1.695    49.092   -10.800   -87.000     4.527   171.584     1.200    79.118    15.070    57.930    15.761    53.239
   -10.800   -87.000     4.527   171.584     1.200    79.118   -11.000   -91.000     4.294   170.893     1.695    49.092    15.761    53.239    15.070    57.930
   -11.000   -92.600     4.229   170.242     2.099    43.240   -10.800   -88.200     4.475   171.011     1.451    67.477    14.691    57.109    15.459    51.941
   -10.800   -88.200     4.475   171.011     1.451    67.477   -11.000   -92.600     4.229   170.242     2.099    43.240    15.459    51.941    14.691    57.109
   -11.000   -88.000     4.417   172.234     0.967    70.978   -10.800   -89.000     4.441   170.643     1.635    61.707    58.180    12.820    56.590    15.410
   -10.800   -89.000     4.441   170.643     1.635    61.707   -11.000   -88.000     4.417   172.234     0.967    70.978    56.590    15.410    58.180    12.820
   -11.000   -87.600     4.433   172.425     0.882    76.319   -10.800   -88.600     4.458   170.826     1.542    64.432    58.615    12.785    57.016    15.384
   -10.800   -88.600     4.458   170.826     1.542    64.432   -11.000   -87.600     4.433   172.425     0.882    76.319    57.016    15.384    58.615    12.785
   -11.000   -90.400     4.319   171.148     1.544    51.938   -10.800   -86.600     4.543   171.781     1.126    84.060    14.745    58.655    15.378    54.222
   -10.800   -86.600     4.543   171.781     1.126    84.060   -11.000   -90.400     4.319   171.148     1.544    51.938    15.378    54.222    14.745    58.655
   -10.800   -88.200     4.475   171.011     1.451    67.477   -11.000   -87.200     4.449   172.618     0.805    82.704    57.445    15.355    59.053    12.747
   -11.000   -87.200     4.449   172.618     0.805    82.704   -10.800   -88.200     4.475   171.011     1.451    67.477    59.053    12.747    57.445    15.355
   -10.800   -87.800     4.492   171.199     1.364    70.897   -11.000   -86.800     4.465   172.815     0.738    90.317    57.878    15.322    59.494    12.706
   -11.000   -86.800     4.465   172.815     0.738    90.317   -10.800   -87.800     4.492   171.199     1.364    70.897    59.494    12.706    57.878    15.322
   -11.000   -92.000     4.253   170.481     1.948    45.201   -10.800   -87.800     4.492   171.199     1.364    70.897    14.579    57.621    15.297    52.703
   -10.800   -87.800     4.492   171.199     1.364    70.897   -11.000   -92.000     4.253   170.481     1.948    45.201    15.297    52.703    14.579    57.621
   -11.000   -91.400     4.278   170.726     1.796    47.426   -10.800   -87.400     4.509   171.390     1.279    74.754    14.366    58.234    15.030    53.570
   -10.800   -87.400     4.509   171.390     1.279    74.754   -11.000   -91.400     4.278   170.726     1.796    47.426    15.030    53.570    14.366    58.234
   -11.000   -89.800     4.343   171.410     1.394    55.317   -10.800   -86.200     4.560   171.981     1.060    89.644    14.270    59.530    14.841    55.359
   -10.800   -86.200     4.560   171.981     1.060    89.644   -11.000   -89.800     4.343   171.410     1.394    55.317    14.841    55.359    14.270    59.530
   -11.000   -90.800     4.302   170.977     1.645    49.991   -10.800   -87.000     4.527   171.584     1.200    79.118    14.028    58.972    14.634    54.566
   -10.800   -87.000     4.527   171.584     1.200    79.118   -11.000   -90.800     4.302   170.977     1.645    49.991    14.634    54.566    14.028    58.972
   -11.000   -92.400     4.237   170.321     2.049    43.868   -10.800   -88.200     4.475   171.011     1.451    67.477    13.891    57.909    14.580    53.020
   -10.800   -88.200     4.475   171.011     1.451    67.477   -11.000   -92.400     4.237   170.321     2.049    43.868    14.580    53.020    13.891    57.909
   -11.000   -91.800     4.261   170.562     1.897    45.910   -10.800   -87.800     4.492   171.199     1.364    70.897    13.665    58.535    14.301    53.899
   -10.800   -87.800     4.492   171.199     1.364    70.897   -11.000   -91.800     4.261   170.562     1.897    45.910    14.301    53.899    13.665    58.535
   -11.000   -90.200     4.327   171.235     1.494    52.997   -10.800   -86.600     4.543   171.781     1.126    84.060    13.538    59.862    14.084    55.716
   -10.800   -86.600     4.543   171.781     1.126    84.060   -11.000   -90.200     4.327   171.235     1.494    52.997    14.084    55.716    13.538    59.862
   -11.000   -91.200     4.286   170.809     1.746    48.239   -10.800   -87.400     4.509   171.390     1.279    74.754    13.314    59.286    13.894    54.906
   -10.800   -87.400     4.509   171.390     1.279    74.754   -11.000   -91.200     4.286   170.809     1.746    48.239    13.894    54.906    13.314    59.286
   -11.000   -92.800     4.220   170.164     2.149    42.636   -10.800   -88.600     4.458   170.826     1.542    64.432    13.205    58.195    13.866    53.334
   -10.800   -88.600     4.458   170.826     1.542    64.432   -11.000   -92.800     4.220   170.164     2.149    42.636    13.866    53.334    13.205    58.195
   -10.800   -88.200     4.475   171.011     1.451    67.477   -11.000   -92.200     4.245   170.401     1.998    44.521    13.577    54.223    12.967    58.833
   -11.000   -92.200     4.245   170.401     1.998    44.521   -10.800   -88.200     4.475   171.011     1.451    67.477    12.967    58.833    13.577    54.223
   -11.000   -89.600     4.351   171.499     1.344    56.592   -10.800   -86.200     4.560   171.981     1.060    89.644    12.861    60.939    13.343    57.057
   -10.800   -86.200     4.560   171.981     1.060    89.644   -11.000   -89.600     4.351   171.499     1.344    56.592    13.343    57.057    12.861    60.939
   -11.000   -90.600     4.310   171.062     1.594    50.938   -10.800   -87.000     4.527   171.584     1.200    79.118    12.810    60.190    13.331    56.069
   -10.800   -87.000     4.527   171.584     1.200    79.118   -11.000   -90.600     4.310   171.062     1.594    50.938    13.331    56.069    12.810    60.190
   -11.000   -88.200     4.409   172.139     1.011    68.637   -10.800   -89.000     4.441   170.643     1.635    61.707    60.128    10.872    58.632    13.168
   -10.800   -89.000     4.441   170.643     1.635    61.707   -11.000   -88.200     4.409   172.139     1.011    68.637    58.632    13.168    60.128    10.872
   -10.800   -87.800     4.492   171.199     1.364    70.897   -11.000   -91.600     4.270   170.644     1.847    46.651    13.158    55.242    12.603    59.597
   -11.000   -91.600     4.270   170.644     1.847    46.651   -10.800   -87.800     4.492   171.199     1.364    70.897    12.603    59.597    13.158    55.242
   -11.000   -87.800     4.425   172.329     0.924    73.530   -10.800   -88.600     4.458   170.826     1.542    64.432    60.552    10.848    59.049    13.151
   -10.800   -88.600     4.458   170.826     1.542    64.432   -11.000   -87.800     4.425   172.329     0.924    73.530    59.049    13.151    60.552    10.848
   -11.000   -87.400     4.441   172.521     0.843    79.369   -10.800   -88.200     4.475   171.011     1.451    67.477    60.979    10.821    59.469    13.131
   -10.800   -88.200     4.475   171.011     1.451    67.477   -11.000   -87.400     4.441   172.521     0.843    79.369    59.469    13.131    60.979    10.821
   -11.000   -87.000     4.457   172.716     0.770    86.347   -10.800   -87.800     4.492   171.199     1.364    70.897    61.409    10.791    59.891    13.109
   -10.800   -87.800     4.492   171.199     1.364    70.897   -11.000   -87.000     4.457   172.716     0.770    86.347    59.891    13.109    61.409    10.791
   -11.000   -86.600     4.474   172.914     0.710    94.626   -10.800   -87.400     4.509   171.390     1.279    74.754    61.842    10.758    60.317    13.083
   -10.800   -87.400     4.509   171.390     1.279    74.754   -11.000   -86.600     4.474   172.914     0.710    94.626    60.317    13.083    61.842    10.758
   -11.000   -92.600     4.229   170.242     2.099    43.240   -10.800   -88.600     4.458   170.826     1.542    64.432    12.272    59.128    12.855    54.545
   -10.800   -88.600     4.458   170.826     1.542    64.432   -11.000   -92.600     4.229   170.242     2.099    43.240    12.855    54.545    12.272    59.128
   -11.000   -91.000     4.294   170.893     1.695    49.092   -10.800   -87.400     4.509   171.390     1.279    74.754    12.084    60.516    12.582    56.418
   -10.800   -87.400     4.509   171.390     1.279    74.754   -11.000   -91.000     4.294   170.893     1.695    49.092    12.582    56.418    12.084    60.516
   -10.800   -86.600     4.543   171.781     1.126    84.060   -11.000   -90.000     4.335   171.322     1.444    54.121    12.576    57.424    12.117    61.283
   -11.000   -90.000     4.335   171.322     1.444    54.121   -10.800   -86.600     4.543   171.781     1.126    84.060    12.117    61.283    12.576    57.424
   -10.800   -88.200     4.475   171.011     1.451    67.477   -11.000   -92.000     4.253   170.481     1.948    45.201    12.425    55.575    11.895    59.905
   -11.000   -92.000     4.253   170.481     1.948    45.201   -10.800   -88.200     4.475   171.011     1.451    67.477    11.895    59.905    12.425    55.575
   -11.000   -91.400     4.278   170.726     1.796    47.426   -10.800   -87.800     4.492   171.199     1.364    70.897    11.363    60.837    11.835    56.765
   -10.800   -87.800     4.492   171.199     1.364    70.897   -11.000   -91.400     4.278   170.726     1.796    47.426    11.835    56.765    11.363    60.837
   -11.000   -90.400     4.319   171.148     1.544    51.938   -10.800   -87.000     4.527   171.584     1.200    79.118    11.376    61.624    11.812    57.788
   -10.800   -87.000     4.527   171.584     1.200    79.118   -11.000   -90.400     4.319   171.148     1.544    51.938    11.812    57.788    11.376    61.624
   -10.800   -88.600     4.458   170.826     1.542    64.432   -11.000   -92.400     4.237   170.321     2.049    43.868    11.695    55.905    11.191    60.209
   -11.000   -92.400     4.237   170.321     2.049    43.868   -10.800   -88.600     4.458   170.826     1.542    64.432    11.191    60.209    11.695    55.905
   -10.800   -86.200     4.560   171.981     1.060    89.644   -11.000   -89.400     4.360   171.588     1.295    57.955    11.581    59.019    11.189    62.611
   -11.000   -89.400     4.360   171.588     1.295    57.955   -10.800   -86.200     4.560   171.981     1.060    89.644    11.189    62.611    11.581    59.019
   -11.000   -91.800     4.261   170.562     1.897    45.910   -10.800   -88.200     4.475   171.011     1.451    67.477    10.644    61.156    11.093    57.107
   -10.800   -88.200     4.475   171.011     1.451    67.477   -11.000   -91.800     4.261   170.562     1.897    45.910    11.093    57.107    10.644    61.156
   -11.000   -90.800     4.302   170.977     1.645    49.991   -10.800   -87.400     4.509   171.390     1.279    74.754    10.639    61.961    11.052    58.148
   -10.800   -87.400     4.509   171.390     1.279    74.754   -11.000   -90.800     4.302   170.977     1.645    49.991    11.052    58.148    10.639    61.961
   -11.000   -92.800     4.220   170.164     2.149    42.636   -10.800   -89.000     4.441   170.643     1.635    61.707    10.489    60.511    10.968    56.232
   -10.800   -89.000     4.441   170.643     1.635    61.707   -11.000   -92.800     4.220   170.164     2.149    42.636    10.968    56.232    10.489    60.511
   -11.000   -89.800     4.343   171.410     1.394    55.317   -10.800   -86.600     4.543   171.781     1.126    84.060    10.431    62.969    10.802    59.398
   -10.800   -86.600     4.543   171.781     1.126    84.060   -11.000   -89.800     4.343   171.410     1.394    55.317    10.802    59.398    10.431    62.969
   -11.000   -88.400     4.400   172.046     1.056    66.487   -10.800   -89.000     4.441   170.643     1.635    61.707    62.466     8.534    61.064    10.536
   -10.800   -89.000     4.441   170.643     1.635    61.707   -11.000   -88.400     4.400   172.046     1.056    66.487    61.064    10.536    62.466     8.534
   -11.000   -88.000     4.417   172.234     0.967    70.978   -10.800   -88.600     4.458   170.826     1.542    64.432    62.879     8.521    61.471    10.529
   -10.800   -88.600     4.458   170.826     1.542    64.432   -11.000   -88.000     4.417   172.234     0.967    70.978    61.471    10.529    62.879     8.521
   -11.000   -87.600     4.433   172.425     0.882    76.319   -10.800   -88.200     4.475   171.011     1.451    67.477    63.295     8.505    61.881    10.519
   -10.800   -88.200     4.475   171.011     1.451    67.477   -11.000   -87.600     4.433   172.425     0.882    76.319    61.881    10.519    63.295     8.505
   -11.000   -87.200     4.449   172.618     0.805    82.704   -10.800   -87.800     4.492   171.199     1.364    70.897    63.713     8.487    62.294    10.506
   -10.800   -87.800     4.492   171.199     1.364    70.897   -11.000   -87.200     4.449   172.618     0.805    82.704    62.294    10.506    63.713     8.487
   -11.000   -86.800     4.465   172.815     0.738    90.317   -10.800   -87.400     4.509   171.390     1.279    74.754    64.135     8.465    62.710    10.490
   -10.800   -87.400     4.509   171.390     1.279    74.754   -11.000   -86.800     4.465   172.815     0.738    90.317    62.710    10.490    64.135     8.465
   -11.000   -92.200     4.245   170.401     1.998    44.521   -10.800   -88.600     4.458   170.826     1.542    64.432     9.929    61.471    10.354    57.446
   -10.800   -88.600     4.458   170.826     1.542    64.432   -11.000   -92.200     4.245   170.401     1.998    44.521    10.354    57.446     9.929    61.471
   -11.000   -91.200     4.286   170.809     1.746    48.239   -10.800   -87.800     4.492   171.199     1.364    70.897     9.905    62.295    10.295    58.505
   -10.800   -87.800     4.492   171.199     1.364    70.897   -11.000   -91.200     4.286   170.809     1.746    48.239    10.295    58.505     9.905    62.295
   -11.000   -90.200     4.327   171.235     1.494    52.997   -10.800   -87.000     4.527   171.584     1.200    79.118     9.677    63.323    10.026    59.774
   -10.800   -87.000     4.527   171.584     1.200    79.118   -11.000   -90.200     4.327   171.235     1.494    52.997    10.026    59.774     9.677    63.323
   -10.800   -89.000     4.441   170.643     1.635    61.707   -11.000   -92.600     4.229   170.242     2.099    43.240     9.618    57.782     9.217    61.783
   -11.000   -92.600     4.229   170.242     2.099    43.240   -10.800   -89.000     4.441   170.643     1.635    61.707     9.217    61.783     9.618    57.782
   -11.000   -91.600     4.270   170.644     1.847    46.651   -10.800   -88.200     4.475   171.011     1.451    67.477     9.175    62.625     9.542    58.858
   -10.800   -88.200     4.475   171.011     1.451    67.477   -11.000   -91.600     4.270   170.644     1.847    46.651     9.542    58.858     9.175    62.625
   -11.000   -89.200     4.368   171.678     1.246    59.417   -10.800   -86.200     4.560   171.981     1.060    89.644     9.186    64.614     9.489    61.311
   -10.800   -86.200     4.560   171.981     1.060    89.644   -11.000   -89.200     4.368   171.678     1.246    59.417     9.489    61.311     9.186    64.614
   -11.000   -90.600     4.310   171.062     1.594    50.938   -10.800   -87.400     4.509   171.390     1.279    74.754     8.926    63.674     9.254    60.146
   -10.800   -87.400     4.509   171.390     1.279    74.754   -11.000   -90.600     4.310   171.062     1.594    50.938     9.254    60.146     8.926    63.674
   -10.800   -88.600     4.458   170.826     1.542    64.432   -11.000   -92.000     4.253   170.481     1.948    45.201     8.792    59.208     8.448    62.952
   -11.000   -92.000     4.253   170.481     1.948    45.201   -10.800   -88.600     4.458   170.826     1.542    64.432     8.448    62.952     8.792    59.208
   -11.000   -89.600     4.351   171.499     1.344    56.592   -10.800   -86.600     4.543   171.781     1.126    84.060     8.414    64.986     8.696    61.704
   -10.800   -86.600     4.543   171.781     1.126    84.060   -11.000   -89.600     4.351   171.499     1.344    56.592     8.696    61.704     8.414    64.986
   -11.000   -91.000     4.294   170.893     1.695    49.092   -10.800   -87.800     4.492   171.199     1.364    70.897     8.179    64.021     8.485    60.515
   -10.800   -87.800     4.492   171.199     1.364    70.897   -11.000   -91.000     4.294   170.893     1.695    49.092     8.485    60.515     8.179    64.021
   -11.000   -92.400     4.237   170.321     2.049    43.868   -10.800   -89.000     4.441   170.643     1.635    61.707     7.724    63.276     8.046    59.554
   -10.800   -89.000     4.441   170.643     1.635    61.707   -11.000   -92.400     4.237   170.321     2.049    43.868     8.046    59.554     7.724    63.276
   -11.000   -90.000     4.335   171.322     1.444    54.121   -10.800   -87.000     4.527   171.584     1.200    79.118     7.645    65.355     7.907    62.093
   -10.800   -87.000     4.527   171.584     1.200    79.118   -11.000   -90.000     4.335   171.322     1.444    54.121     7.907    62.093     7.645    65.355
   -10.800   -88.200     4.475   171.011     1.451    67.477   -11.000   -91.400     4.278   170.726     1.796    47.426     7.721    60.879     7.436    64.364
   -11.000   -91.400     4.278   170.726     1.796    47.426   -10.800   -88.200     4.475   171.011     1.451    67.477     7.436    64.364     7.721    60.879
   -11.000   -88.200     4.409   172.139     1.011    68.637   -10.800   -88.600     4.458   170.826     1.542    64.432    65.700     5.700    64.387     7.413
   -10.800   -88.600     4.458   170.826     1.542    64.432   -11.000   -88.200     4.409   172.139     1.011    68.637    64.387     7.413    65.700     5.700
   -11.000   -87.800     4.425   172.329     0.924    73.530   -10.800   -88.200     4.475   171.011     1.451    67.477    66.105     5.695    64.787     7.413
   -10.800   -88.200     4.475   171.011     1.451    67.477   -11.000   -87.800     4.425   172.329     0.924    73.530    64.787     7.413    66.105     5.695
   -11.000   -88.600     4.392   171.953     1.103    64.506   -10.800   -89.000     4.441   170.643     1.635    61.707    65.299     5.701    63.989     7.411
   -10.800   -89.000     4.441   170.643     1.635    61.707   -11.000   -88.600     4.392   171.953     1.103    64.506    63.989     7.411    65.299     5.701
   -11.000   -87.400     4.441   172.521     0.843    79.369   -10.800   -87.800     4.492   171.199     1.364    70.897    66.512     5.688    65.190     7.410
   -10.800   -87.800     4.492   171.199     1.364    70.897   -11.000   -87.400     4.441   172.521     0.843    79.369    65.190     7.410    66.512     5.688
   -11.000   -87.000     4.457   172.716     0.770    86.347   -10.800   -87.400     4.509   171.390     1.279    74.754    66.922     5.678    65.596     7.404
   -10.800   -87.400     4.509   171.390     1.279    74.754   -11.000   -87.000     4.457   172.716     0.770    86.347    65.596     7.404    66.922     5.678
   -11.000   -86.600     4.474   172.914     0.710    94.626   -10.800   -87.000     4.527   171.584     1.200    79.118    67.335     5.665    66.005     7.395
   -10.800   -87.000     4.527   171.584     1.200    79.118   -11.000   -86.600     4.474   172.914     0.710    94.626    66.005     7.395    67.335     5.665
   -11.000   -90.400     4.319   171.148     1.544    51.938   -10.800   -87.400     4.509   171.390     1.279    74.754     6.880    65.720     7.121    62.479
   -10.800   -87.400     4.509   171.390     1.279    74.754   -11.000   -90.400     4.319   171.148     1.544    51.938     7.121    62.479     6.880    65.720
   -11.000   -89.000     4.376   171.769     1.198    60.987   -10.800   -86.200     4.560   171.981     1.060    89.644     6.766    67.034     6.978    64.022
   -10.800   -86.200     4.560   171.981     1.060    89.644   -11.000   -89.000     4.376   171.769     1.198    60.987     6.978    64.022     6.766    67.034
   -11.000   -91.800     4.261   170.562     1.897    45.910   -10.800   -88.600     4.458   170.826     1.542    64.432     6.696    64.704     6.960    61.240
   -10.800   -88.600     4.458   170.826     1.542    64.432   -11.000   -91.800     4.261   170.562     1.897    45.910     6.960    61.240     6.696    64.704
   -10.800   -87.800     4.492   171.199     1.364    70.897   -11.000   -90.800     4.302   170.977     1.645    49.991     6.340    62.860     6.118    66.082
   -11.000   -90.800     4.302   170.977     1.645    49.991   -10.800   -87.800     4.492   171.199     1.364    70.897     6.118    66.082     6.340    62.860
   -10.800   -89.000     4.441   170.643     1.635    61.707   -11.000   -92.200     4.245   170.401     1.998    44.521     6.202    61.598     5.960    65.040
   -11.000   -92.200     4.245   170.401     1.998    44.521   -10.800   -89.000     4.441   170.643     1.635    61.707     5.960    65.040     6.202    61.598
   -11.000   -89.400     4.360   171.588     1.295    57.955   -10.800   -86.600     4.543   171.781     1.126    84.060     5.977    67.423     6.170    64.430
   -10.800   -86.600     4.543   171.781     1.126    84.060   -11.000   -89.400     4.360   171.588     1.295    57.955     6.170    64.430     5.977    67.423
   -10.800   -88.200     4.475   171.011     1.451    67.477   -11.000   -91.200     4.286   170.809     1.746    48.239     5.562    63.238     5.361    66.439
   -11.000   -91.200     4.286   170.809     1.746    48.239   -10.800   -88.200     4.475   171.011     1.451    67.477     5.361    66.439     5.562    63.238
   -11.000   -89.800     4.343   171.410     1.394    55.317   -10.800   -87.000     4.527   171.584     1.200    79.118     5.192    67.808     5.366    64.834
   -10.800   -87.000     4.527   171.584     1.200    79.118   -11.000   -89.800     4.343   171.410     1.394    55.317     5.366    64.834     5.192    67.808
   -11.000   -91.600     4.270   170.644     1.847    46.651   -10.800   -88.600     4.458   170.826     1.542    64.432     4.607    66.793     4.789    63.611
   -10.800   -88.600     4.458   170.826     1.542    64.432   -11.000   -91.600     4.270   170.644     1.847    46.651     4.789    63.611     4.607    66.793
   -10.800   -87.400     4.509   171.390     1.279    74.754   -11.000   -90.200     4.327   171.235     1.494    52.997     4.567    65.233     4.412    68.188
   -11.000   -90.200     4.327   171.235     1.494    52.997   -10.800   -87.400     4.509   171.390     1.279    74.754     4.412    68.188     4.567    65.233
   -11.000   -92.000     4.253   170.481     1.948    45.201   -10.800   -89.000     4.441   170.643     1.635    61.707     3.857    67.143     4.019    63.981
   -10.800   -89.000     4.441   170.643     1.635    61.707   -11.000   -92.000     4.253   170.481     1.948    45.201     4.019    63.981     3.857    67.143
   -11.000   -88.800     4.384   171.860     1.150    62.679   -10.800   -86.200     4.560   171.981     1.060    89.644     3.811    69.989     3.931    67.269
   -10.800   -86.200     4.560   171.981     1.060    89.644   -11.000   -88.800     4.384   171.860     1.150    62.679     3.931    67.269     3.811    69.989
   -11.000   -90.600     4.310   171.062     1.594    50.938   -10.800   -87.800     4.492   171.199     1.364    70.897     3.635    68.565     3.771    65.629
   -10.800   -87.800     4.492   171.199     1.364    70.897   -11.000   -90.600     4.310   171.062     1.594    50.938     3.771    65.629     3.635    68.565
   -11.000   -87.200     4.449   172.618     0.805    82.704   -10.800   -87.400     4.509   171.390     1.279    74.754    70.345     2.255    69.116     3.684
   -10.800   -87.400     4.509   171.390     1.279    74.754   -11.000   -87.200     4.449   172.618     0.805    82.704    69.116     3.684    70.345     2.255
   -10.800   -87.000     4.527   171.584     1.200    79.118   -11.000   -86.800     4.465   172.815     0.738    90.317    69.517     3.683    70.748     2.252
   -11.000   -86.800     4.465   172.815     0.738    90.317   -10.800   -87.000     4.527   171.584     1.200    79.118    70.748     2.252    69.517     3.683
   -11.000   -87.600     4.433   172.425     0.882    76.319   -10.800   -87.800     4.492   171.199     1.364    70.897    69.945     2.255    68.719     3.681
   -10.800   -87.800     4.492   171.199     1.364    70.897   -11.000   -87.600     4.433   172.425     0.882    76.319    68.719     3.681    69.945     2.255
   -11.000   -88.000     4.417   172.234     0.967    70.978   -10.800   -88.200     4.475   171.011     1.451    67.477    69.548     2.252    68.325     3.675
   -10.800   -88.200     4.475   171.011     1.451    67.477   -11.000   -88.000     4.417   172.234     0.967    70.978    68.325     3.675    69.548     2.252
   -11.000   -88.400     4.400   172.046     1.056    66.487   -10.800   -88.600     4.458   170.826     1.542    64.432    69.154     2.246    67.934     3.666
   -10.800   -88.600     4.458   170.826     1.542    64.432   -11.000   -88.400     4.400   172.046     1.056    66.487    67.934     3.666    69.154     2.246
   -11.000   -88.800     4.384   171.860     1.150    62.679   -10.800   -89.000     4.441   170.643     1.635    61.707    68.763     2.237    67.546     3.654
   -10.800   -89.000     4.441   170.643     1.635    61.707   -11.000   -88.800     4.384   171.860     1.150    62.679    67.546     3.654    68.763     2.237
   -11.000   -89.200     4.368   171.678     1.246    59.417   -10.800   -86.600     4.543   171.781     1.126    84.060     3.004    70.396     3.107    67.693
   -10.800   -86.600     4.543   171.781     1.126    84.060   -11.000   -89.200     4.368   171.678     1.246    59.417     3.107    67.693     3.004    70.396
   -10.800   -88.200     4.475   171.011     1.451    67.477   -11.000   -91.000     4.294   170.893     1.695    49.092     2.980    66.020     2.862    68.938
   -11.000   -91.000     4.294   170.893     1.695    49.092   -10.800   -88.200     4.475   171.011     1.451    67.477     2.862    68.938     2.980    66.020
   -11.000   -89.600     4.351   171.499     1.344    56.592   -10.800   -87.000     4.527   171.584     1.200    79.118     2.202    70.798     2.287    68.113
   -10.800   -87.000     4.527   171.584     1.200    79.118   -11.000   -89.600     4.351   171.499     1.344    56.592     2.287    68.113     2.202    70.798
   -11.000   -91.400     4.278   170.726     1.796    47.426   -10.800   -88.600     4.458   170.826     1.542    64.432     2.093    69.307     2.192    66.408
   -10.800   -88.600     4.458   170.826     1.542    64.432   -11.000   -91.400     4.278   170.726     1.796    47.426     2.192    66.408     2.093    69.307
   -11.000   -90.000     4.335   171.322     1.444    54.121   -10.800   -87.400     4.509   171.390     1.279    74.754     1.404    71.196     1.472    68.528
   -10.800   -87.400     4.509   171.390     1.279    74.754   -11.000   -90.000     4.335   171.322     1.444    54.121     1.472    68.528     1.404    71.196
   -11.000   -91.800     4.261   170.562     1.897    45.910   -10.800   -89.000     4.441   170.643     1.635    61.707     1.328    69.672     1.410    66.790
   -10.800   -89.000     4.441   170.643     1.635    61.707   -11.000   -91.800     4.261   170.562     1.897    45.910     1.410    66.790     1.328    69.672
   -11.000   -90.400     4.319   171.148     1.544    51.938   -10.800   -87.800     4.492   171.199     1.364    70.897     0.611    71.589     0.662    68.938
   -10.800   -87.800     4.492   171.199     1.364    70.897   -11.000   -90.400     4.319   171.148     1.544    51.938     0.662    68.938     0.611    71.589
   -11.000   -88.600     4.392   171.953     1.103    64.506   -10.800   -86.200     4.560   171.981     1.060    89.644     0.161    73.639     0.189    71.211
   -10.800   -86.200     4.560   171.981     1.060    89.644   -11.000   -88.600     4.392   171.953     1.103    64.506     0.189    71.211     0.161    73.639
